t,idx,x,y
0.0000,0,0.0000,0.0001
0.0000,1,0.4993,-0.0258
0.0000,2,0.9988,-0.0486
0.0000,3,1.4984,-0.0682
0.0000,4,1.9982,-0.0827
0.0000,5,2.4981,-0.0938
0.0000,6,2.9980,-0.1020
0.0000,7,3.4980,-0.1058
0.0000,8,3.9980,-0.1061
0.0000,9,4.4980,-0.1037
0.0000,10,4.9980,-0.0976
0.0000,11,5.4979,-0.0879
0.0000,12,5.9977,-0.0757
0.0000,13,6.4975,-0.0605
0.0000,14,6.9971,-0.0416
0.0000,15,7.4967,-0.0205
0.0000,16,7.9961,0.0030
0.0000,17,8.4954,0.0302
0.0000,18,8.9945,0.0594
0.0000,19,9.4936,0.0906
0.0000,20,9.9924,0.1252
0.0000,21,10.4910,0.1617
0.0000,22,10.9896,0.1999
0.0000,23,11.4879,0.2410
0.0000,24,11.9860,0.2840
0.0000,25,12.4840,0.3284
0.0000,26,12.9818,0.3752
0.0000,27,13.4795,0.4238
0.0000,28,13.9770,0.4737
0.0000,29,14.4743,0.5255
0.0000,30,14.9714,0.5790
0.0000,31,15.4684,0.6336
0.0000,32,15.9653,0.6896
0.0000,33,16.4620,0.7471
0.0000,34,16.9585,0.8056
0.0000,35,17.4550,0.8651
0.0000,36,17.9513,0.9260
0.0000,37,18.4474,0.9876
0.0000,38,18.9435,1.0499
0.0000,39,19.4395,1.1134
0.0000,40,19.9354,1.1773
0.0000,41,20.4312,1.2418
0.0000,42,20.9270,1.3069
0.0000,43,21.1208,1.3324
1.0495,0,2.1884,-0.0906
1.0495,1,2.6874,-0.1112
1.0495,2,3.1874,-0.1128
1.0495,3,3.6873,-0.1080
1.0495,4,4.1872,-0.0987
1.0495,5,4.6871,-0.0860
1.0495,6,5.1868,-0.0711
1.0495,7,5.6865,-0.0544
1.0495,8,6.1862,-0.0361
1.0495,9,6.6858,-0.0163
1.0495,10,7.1853,0.0047
1.0495,11,7.6848,0.0271
1.0495,12,8.1842,0.0510
1.0495,13,8.6836,0.0765
1.0495,14,9.1829,0.1035
1.0495,15,9.6820,0.1320
1.0495,16,10.1811,0.1624
1.0495,17,10.6801,0.1947
1.0495,18,11.1789,0.2289
1.0495,19,11.6776,0.2649
1.0495,20,12.1761,0.3033
1.0495,21,12.6744,0.3441
1.0495,22,13.1726,0.3870
1.0495,23,13.6706,0.4321
1.0495,24,14.1683,0.4798
1.0495,25,14.6658,0.5297
1.0495,26,15.1631,0.5814
1.0495,27,15.6602,0.6352
1.0495,28,16.1571,0.6911
1.0495,29,16.6537,0.7487
1.0495,30,17.1502,0.8079
1.0495,31,17.6465,0.8689
1.0495,32,18.1425,0.9316
1.0495,33,18.6384,0.9957
1.0495,34,19.1341,1.0611
1.0495,35,19.6296,1.1281
1.0495,36,20.1249,1.1964
1.0495,37,20.6201,1.2658
1.0495,38,21.1151,1.3364
1.0495,39,21.6099,1.4082
1.0495,40,22.1045,1.4810
1.0495,41,22.5991,1.5547
1.0495,42,23.0935,1.6292
1.0495,43,23.5878,1.7047
1.0495,44,24.0819,1.7809
1.0495,45,24.5760,1.8577
1.0495,46,25.0402,1.9302
1.0495,47,25.0471,1.9313
2.0498,0,11.8048,0.2534
2.0498,1,12.3027,0.2985
2.0498,2,12.8006,0.3451
2.0498,3,13.2983,0.3931
2.0498,4,13.7958,0.4427
2.0498,5,14.2932,0.4937
2.0498,6,14.7904,0.5461
2.0498,7,15.2875,0.6000
2.0498,8,15.7844,0.6554
2.0498,9,16.2812,0.7120
2.0498,10,16.7778,0.7701
2.0498,11,17.2743,0.8296
2.0498,12,17.7706,0.8902
2.0498,13,18.2667,0.9524
2.0498,14,18.7627,1.0159
2.0498,15,19.2585,1.0805
2.0498,16,19.7541,1.1465
2.0498,17,20.2495,1.2138
2.0498,18,20.7448,1.2822
2.0498,19,21.2400,1.3519
2.0498,20,21.7349,1.4228
2.0498,21,22.2297,1.4948
2.0498,22,22.7243,1.5681
2.0498,23,23.2187,1.6425
2.0498,24,23.7130,1.7180
2.0498,25,24.2071,1.7946
2.0498,26,24.7010,1.8724
2.0498,27,25.1947,1.9512
2.0498,28,25.6883,2.0310
2.0498,29,26.1817,2.1120
2.0498,30,26.6750,2.1940
2.0498,31,27.1680,2.2769
2.0498,32,27.6609,2.3609
2.0498,33,28.1537,2.4459
2.0498,34,28.6462,2.5317
2.0498,35,29.1386,2.6187
2.0498,36,29.6308,2.7069
2.0498,37,30.1227,2.7961
2.0498,38,30.6145,2.8864
2.0498,39,31.1061,2.9776
2.0498,40,31.5976,3.0696
2.0498,41,32.0889,3.1626
2.0498,42,32.5156,3.2443
2.0498,43,32.6806,3.2762
3.0994,0,25.4676,1.9837
3.0994,1,25.9607,2.0661
3.0994,2,26.4539,2.1488
3.0994,3,26.9469,2.2318
3.0994,4,27.4399,2.3154
3.0994,5,27.9327,2.3997
3.0994,6,28.4254,2.4847
3.0994,7,28.9180,2.5706
3.0994,8,29.4104,2.6575
3.0994,9,29.9026,2.7457
3.0994,10,30.3945,2.8351
3.0994,11,30.8862,2.9259
3.0994,12,31.3776,3.0183
3.0994,13,31.8686,3.1124
3.0994,14,32.3593,3.2083
3.0994,15,32.8497,3.3061
3.0994,16,33.3396,3.4060
3.0994,17,33.8291,3.5082
3.0994,18,34.3180,3.6127
3.0994,19,34.8065,3.7194
3.0994,20,35.2943,3.8290
3.0994,21,35.7815,3.9413
3.0994,22,36.2681,4.0564
3.0994,23,36.7541,4.1742
3.0994,24,37.2391,4.2955
3.0994,25,37.7233,4.4201
3.0994,26,38.2068,4.5477
3.0994,27,38.6893,4.6788
3.0994,28,39.1707,4.8139
3.0994,29,39.6511,4.9525
3.0994,30,40.1304,5.0948
3.0994,31,40.6085,5.2410
3.0994,32,41.0852,5.3919
3.0994,33,41.5604,5.5475
3.0994,34,42.0342,5.7072
3.0994,35,42.5065,5.8712
3.0994,36,42.9770,6.0405
3.0994,37,43.4460,6.2138
3.0994,38,43.9133,6.3916
3.0994,39,44.2798,6.5354
3.0994,40,44.3338,6.5566
4.0996,0,36.6798,4.1884
4.0996,1,37.1636,4.3147
4.0996,2,37.6467,4.4436
4.0996,3,38.1290,4.5754
4.0996,4,38.6106,4.7098
4.0996,5,39.0918,4.8454
4.0996,6,39.5729,4.9816
4.0996,7,40.0540,5.1178
4.0996,8,40.5354,5.2530
4.0996,9,41.0170,5.3873
4.0996,10,41.4986,5.5215
4.0996,11,41.9799,5.6572
4.0996,12,42.4600,5.7968
4.0996,13,42.9385,5.9416
4.0996,14,43.4147,6.0940
4.0996,15,43.8876,6.2563
4.0996,16,44.3565,6.4297
4.0996,17,44.8199,6.6173
4.0996,18,45.2759,6.8223
4.0996,19,45.7226,7.0464
4.0996,20,46.1580,7.2920
4.0996,21,46.5752,7.5674
4.0996,22,46.9722,7.8706
4.0996,23,47.3423,8.2060
4.0996,24,47.6802,8.5741
4.0996,25,47.9739,8.9784
4.0996,26,48.2278,9.4084
4.0996,27,48.4412,9.8599
4.0996,28,48.6182,10.3273
4.0996,29,48.7579,10.8073
4.0996,30,48.8691,11.2945
4.0996,31,48.9548,11.7869
4.0996,32,49.0177,12.2828
4.0996,33,49.0621,12.7807
4.0996,34,49.0931,13.2796
4.0996,35,49.1142,13.7790
4.0996,36,49.1293,14.2788
4.0996,37,49.1427,14.7786
4.0996,38,49.1598,15.2782
4.0996,39,49.1918,15.7769
4.0996,40,49.2480,16.2724
4.0996,41,49.2695,16.7718
4.0996,42,49.2971,17.2711
4.0996,43,49.3306,17.7699
4.0996,44,49.3451,18.0041
4.0996,45,49.3583,18.2037
4.0996,46,49.3725,18.4032
4.0996,47,49.3871,18.6026
4.0996,48,49.4017,18.7957
5.1001,0,44.7402,6.5074
5.1001,1,45.2158,6.6607
5.1001,2,45.6780,6.8509
5.1001,3,46.1214,7.0812
5.1001,4,46.5440,7.3472
5.1001,5,46.9439,7.6460
5.1001,6,47.3119,7.9833
5.1001,7,47.6419,8.3572
5.1001,8,47.9345,8.7610
5.1001,9,48.1815,9.1954
5.1001,10,48.3829,9.6524
5.1001,11,48.5497,10.1231
5.1001,12,48.6849,10.6042
5.1001,13,48.7897,11.0926
5.1001,14,48.8767,11.5846
5.1001,15,48.9481,12.0793
5.1001,16,49.0074,12.5756
5.1001,17,49.0592,13.0729
5.1001,18,49.1041,13.5708
5.1001,19,49.1432,14.0693
5.1001,20,49.1778,14.5681
5.1001,21,49.2088,15.0671
5.1001,22,49.2372,15.5662
5.1001,23,49.2639,16.0654
5.1001,24,49.2897,16.5647
5.1001,25,49.3153,17.0640
5.1001,26,49.3400,17.5634
5.1001,27,49.3640,18.0628
5.1001,28,49.3872,18.5622
5.1001,29,49.4091,19.0618
5.1001,30,49.4292,19.5614
5.1001,31,49.4478,20.0610
5.1001,32,49.4645,20.5607
5.1001,33,49.4786,21.0605
5.1001,34,49.4908,21.5604
5.1001,35,49.5008,22.0602
5.1001,36,49.5084,22.5602
5.1001,37,49.5137,23.0601
5.1001,38,49.5168,23.5601
5.1001,39,49.5178,24.0601
5.1001,40,49.5167,24.5601
5.1001,41,49.5135,25.0600
5.1001,42,49.5079,25.5600
5.1001,43,49.5003,26.0600
5.1001,44,49.4911,26.5599
5.1001,45,49.4799,27.0597
5.1001,46,49.4663,27.5595
5.1001,47,49.4577,27.8903
5.1001,48,49.4566,28.0009
6.1496,0,48.4656,11.2310
6.1496,1,48.5850,11.7165
6.1496,2,48.6967,12.2039
6.1496,3,48.8002,12.6930
6.1496,4,48.8945,13.1840
6.1496,5,48.9813,13.6764
6.1496,6,49.0609,14.1700
6.1496,7,49.1327,14.6648
6.1496,8,49.1973,15.1606
6.1496,9,49.2556,15.6572
6.1496,10,49.3074,16.1545
6.1496,11,49.3525,16.6525
6.1496,12,49.3922,17.1509
6.1496,13,49.4267,17.6497
6.1496,14,49.4552,18.1489
6.1496,15,49.4792,18.6483
6.1496,16,49.4990,19.1479
6.1496,17,49.5137,19.6477
6.1496,18,49.5249,20.1475
6.1496,19,49.5327,20.6475
6.1496,20,49.5366,21.1474
6.1496,21,49.5376,21.6474
6.1496,22,49.5361,22.1474
6.1496,23,49.5318,22.6474
6.1496,24,49.5254,23.1474
6.1496,25,49.5173,23.6473
6.1496,26,49.5074,24.1472
6.1496,27,49.4962,24.6471
6.1496,28,49.4841,25.1469
6.1496,29,49.4712,25.6468
6.1496,30,49.4579,26.1466
6.1496,31,49.4444,26.6464
6.1496,32,49.4309,27.1462
6.1496,33,49.4180,27.6461
6.1496,34,49.4057,28.1459
6.1496,35,49.3944,28.6458
6.1496,36,49.3845,29.1457
6.1496,37,49.3761,29.6456
6.1496,38,49.3695,30.1456
6.1496,39,49.3654,30.6456
6.1496,40,49.3637,31.1455
6.1496,41,49.3647,31.6455
6.1496,42,49.3686,32.1455
6.1496,43,49.3697,32.2738
7.1498,0,49.4971,21.4293
7.1498,1,49.5010,21.9292
7.1498,2,49.5039,22.4292
7.1498,3,49.5056,22.9292
7.1498,4,49.5060,23.4292
7.1498,5,49.5055,23.9292
7.1498,6,49.5037,24.4292
7.1498,7,49.5009,24.9292
7.1498,8,49.4971,25.4292
7.1498,9,49.4921,25.9292
7.1498,10,49.4862,26.4291
7.1498,11,49.4793,26.9291
7.1498,12,49.4713,27.4290
7.1498,13,49.4624,27.9289
7.1498,14,49.4525,28.4288
7.1498,15,49.4417,28.9287
7.1498,16,49.4301,29.4286
7.1498,17,49.4174,29.9284
7.1498,18,49.4039,30.4282
7.1498,19,49.3897,30.9280
7.1498,20,49.3745,31.4278
7.1498,21,49.3585,31.9276
7.1498,22,49.3418,32.4273
7.1498,23,49.3241,32.9270
7.1498,24,49.3059,33.4266
7.1498,25,49.2868,33.9263
7.1498,26,49.2670,34.4259
7.1498,27,49.2466,34.9255
7.1498,28,49.2254,35.4250
7.1498,29,49.2036,35.9245
7.1498,30,49.1812,36.4240
7.1498,31,49.1580,36.9235
7.1498,32,49.1342,37.4229
7.1498,33,49.1099,37.9223
7.1498,34,49.0849,38.4217
7.1498,35,49.0595,38.9211
7.1498,36,49.0334,39.4204
7.1498,37,49.0068,39.9197
7.1498,38,48.9795,40.4189
7.1498,39,48.9511,40.9181
7.1498,40,48.9220,41.4173
7.1498,41,48.8925,41.9164
7.1498,42,48.8625,42.4155
7.1498,43,48.8357,42.8522
7.1498,44,48.8233,43.0518
7.1498,45,48.8108,43.2514
7.1498,46,48.8005,43.4136
8.1999,0,49.1577,37.1586
8.1999,1,49.1314,37.6579
8.1999,2,49.1049,38.1572
8.1999,3,49.0780,38.6565
8.1999,4,49.0508,39.1557
8.1999,5,49.0232,39.6550
8.1999,6,48.9952,40.1542
8.1999,7,48.9668,40.6534
8.1999,8,48.9381,41.1525
8.1999,9,48.9087,41.6517
8.1999,10,48.8790,42.1508
8.1999,11,48.8487,42.6499
8.1999,12,48.8179,43.1489
8.1999,13,48.7866,43.6479
8.1999,14,48.7547,44.1469
8.1999,15,48.7222,44.6459
8.1999,16,48.6891,45.1448
8.1999,17,48.6553,45.6436
8.1999,18,48.6210,46.1424
8.1999,19,48.5859,46.6412
8.1999,20,48.5501,47.1399
8.1999,21,48.5137,47.6386
8.1999,22,48.4765,48.1372
8.1999,23,48.4385,48.6358
8.1999,24,48.3999,49.1343
8.1999,25,48.3603,49.6327
8.1999,26,48.3199,50.1311
8.1999,27,48.2787,50.6294
8.1999,28,48.2366,51.1276
8.1999,29,48.1937,51.6258
8.1999,30,48.1497,52.1238
8.1999,31,48.1049,52.6218
8.1999,32,48.0591,53.1197
8.1999,33,48.0120,53.6175
8.1999,34,47.9642,54.1152
8.1999,35,47.9153,54.6128
8.1999,36,47.8652,55.1103
8.1999,37,47.8142,55.6077
8.1999,38,47.7618,56.1049
8.1999,39,47.7074,56.6019
8.1999,40,47.6508,57.0987
8.1999,41,47.5950,57.5697
8.1999,42,47.5723,57.7684
8.1999,43,47.5492,57.9670
8.1999,44,47.5255,58.1656
8.1999,45,47.5014,58.3642
8.1999,46,47.4767,58.5626
8.1999,47,47.4668,58.6416
9.2500,0,47.9683,54.1559
9.2500,1,47.9152,54.6530
9.2500,2,47.8621,55.1502
9.2500,3,47.8090,55.6474
9.2500,4,47.7558,56.1445
9.2500,5,47.7021,56.6416
9.2500,6,47.6478,57.1387
9.2500,7,47.5927,57.6356
9.2500,8,47.5366,58.1325
9.2500,9,47.4793,58.6292
9.2500,10,47.4206,59.1257
9.2500,11,47.3603,59.6221
9.2500,12,47.2983,60.1182
9.2500,13,47.2343,60.6141
9.2500,14,47.1681,61.1097
9.2500,15,47.0996,61.6050
9.2500,16,47.0284,62.0999
9.2500,17,46.9546,62.5944
9.2500,18,46.8779,63.0885
9.2500,19,46.7977,63.5820
9.2500,20,46.7146,64.0751
9.2500,21,46.6279,64.5675
9.2500,22,46.5371,65.0592
9.2500,23,46.4428,65.5502
9.2500,24,46.3442,66.0404
9.2500,25,46.2410,66.5296
9.2500,26,46.1340,67.0180
9.2500,27,46.0215,67.5052
9.2500,28,45.9042,67.9912
9.2500,29,45.7825,68.4762
9.2500,30,45.6537,68.9593
9.2500,31,45.5197,69.4410
9.2500,32,45.3813,69.9215
9.2500,33,45.2353,70.3997
9.2500,34,45.0840,70.8763
9.2500,35,44.9273,71.3510
9.2500,36,44.7609,71.8226
9.2500,37,44.5853,72.2907
9.2500,38,44.3993,72.7547
9.2500,39,44.2028,73.2144
9.2500,40,44.0067,73.6743
9.2500,41,43.7968,74.1280
9.2500,42,43.7095,74.3180
9.2500,43,43.6241,74.4988
9.2500,44,43.5351,74.6779
9.2500,45,43.5081,74.7323
10.2500,0,45.8862,68.2230
10.2500,1,45.7628,68.7075
10.2500,2,45.6340,69.1907
10.2500,3,45.4994,69.6722
10.2500,4,45.3587,70.1520
10.2500,5,45.2120,70.6300
10.2500,6,45.0580,71.1056
10.2500,7,44.8972,71.5791
10.2500,8,44.7298,72.0502
10.2500,9,44.5546,72.5185
10.2500,10,44.3708,72.9835
10.2500,11,44.1794,73.4453
10.2500,12,43.9798,73.9037
10.2500,13,43.7695,74.3573
10.2500,14,43.5501,74.8066
10.2500,15,43.3214,75.2512
10.2500,16,43.0810,75.6895
10.2500,17,42.8289,76.1213
10.2500,18,42.5660,76.5465
10.2500,19,42.2908,76.9639
10.2500,20,42.0008,77.3712
10.2500,21,41.6980,77.7689
10.2500,22,41.3818,78.1562
10.2500,23,41.0496,78.5298
10.2500,24,40.7015,78.8885
10.2500,25,40.3385,79.2321
10.2500,26,39.9606,79.5593
10.2500,27,39.5646,79.8644
10.2500,28,39.1528,80.1477
10.2500,29,38.7268,80.4090
10.2500,30,38.2871,80.6465
10.2500,31,37.8318,80.8530
10.2500,32,37.3644,81.0298
10.2500,33,36.8874,81.1787
10.2500,34,36.4022,81.2985
10.2500,35,35.9094,81.3826
10.2500,36,35.4129,81.4389
10.2500,37,34.9140,81.4685
10.2500,38,34.4141,81.4667
10.2500,39,33.9151,81.4391
10.2500,40,33.6054,81.4138
11.2996,0,42.0081,77.3761
11.2996,1,41.7339,77.7940
11.2996,2,41.4377,78.1963
11.2996,3,41.1177,78.5801
11.2996,4,40.7703,78.9395
11.2996,5,40.4035,79.2788
11.2996,6,40.0174,79.5961
11.2996,7,39.6098,79.8855
11.2996,8,39.1871,80.1521
11.2996,9,38.7501,80.3948
11.2996,10,38.2990,80.6103
11.2996,11,37.8371,80.8012
11.2996,12,37.3660,80.9681
11.2996,13,36.8866,81.1100
11.2996,14,36.4006,81.2268
11.2996,15,35.9096,81.3203
11.2996,16,35.4147,81.3914
11.2996,17,34.9169,81.4375
11.2996,18,34.4177,81.4611
11.2996,19,33.9177,81.4644
11.2996,20,33.4182,81.4431
11.2996,21,32.9203,81.3996
11.2996,22,32.4243,81.3370
11.2996,23,31.9318,81.2507
11.2996,24,31.4439,81.1421
11.2996,25,30.9604,81.0149
11.2996,26,30.4836,80.8647
11.2996,27,30.0146,80.6919
11.2996,28,29.6416,80.5460
12.3002,0,36.6612,81.0652
12.3002,1,36.1761,81.1830
12.3002,2,35.6838,81.2686
12.3002,3,35.1876,81.3295
12.3002,4,34.6889,81.3637
12.3002,5,34.1894,81.3785
12.3002,6,33.6896,81.3718
12.3002,7,33.1905,81.3448
12.3002,8,32.6924,81.3020
12.3002,9,32.1969,81.2363
12.3002,10,31.7039,81.1535
12.3002,11,31.2138,81.0550
12.3002,12,30.7282,80.9361
12.3002,13,30.2466,80.8022
12.3002,14,29.7702,80.6506
12.3002,15,29.2995,80.4824
12.3002,16,28.8334,80.3016
12.3002,17,28.3750,80.1020
12.3002,18,27.9234,79.8877
12.3002,19,27.4785,79.6597
12.3002,20,27.0434,79.4136
12.3002,21,26.6158,79.1548
12.3002,22,26.1990,78.8789
12.3002,23,25.7995,78.5787
12.3002,24,25.4218,78.2518
12.3002,25,25.0738,77.8939
12.3002,26,24.7377,77.5244
12.3002,27,24.4131,77.1448
12.3002,28,24.2176,76.8892
12.3002,29,24.0964,76.7302
12.3002,30,23.9827,76.5656
12.3002,31,23.9607,76.5338
13.3498,0,28.9372,80.3045
13.3498,1,28.4568,80.1658
13.3498,2,27.9825,80.0091
13.3498,3,27.5219,79.8147
13.3498,4,27.0682,79.6051
13.3498,5,26.6356,79.3547
13.3498,6,26.2117,79.0899
13.3498,7,25.8118,78.7898
13.3498,8,25.4281,78.4697
13.3498,9,25.0686,78.1223
13.3498,10,24.7320,77.7532
13.3498,11,24.4220,77.3609
13.3498,12,24.1399,76.9486
13.3498,13,23.8864,76.5177
13.3498,14,23.6708,76.0669
13.3498,15,23.4800,75.6049
13.3498,16,23.3352,75.1263
13.3498,17,23.2176,74.6407
13.3498,18,23.1349,74.1476
13.3498,19,23.0849,73.6506
13.3498,20,23.0627,73.1511
13.3498,21,23.0689,72.6515
13.3498,22,23.1000,72.1525
13.3498,23,23.1582,71.6561
13.3498,24,23.2293,71.1612
13.3498,25,23.3234,70.6703
13.3498,26,23.4219,70.1802
13.3498,27,23.5301,69.6923
13.3498,28,23.6386,69.2045
13.3498,29,23.7449,68.7163
13.3498,30,23.8423,68.2264
13.3498,31,23.9216,67.7334
13.3498,32,23.9792,67.2381
13.3498,33,24.0075,66.7404
13.3498,34,24.0062,66.2422
13.3498,35,23.9746,65.7450
13.3498,36,23.8974,65.2526
13.3498,37,23.7938,64.7648
13.3498,38,23.6352,64.2911
13.3498,39,23.4409,63.8316
13.3498,40,23.1906,63.3990
13.3498,41,22.9088,62.9871
13.3498,42,22.5806,62.6100
13.3498,43,22.2339,62.2502
13.3498,44,21.8445,61.9372
13.3498,45,21.6819,61.8082
13.3498,46,21.5794,61.7268
14.4001,0,24.0078,76.7309
14.4001,1,23.7394,76.3094
14.4001,2,23.5013,75.8706
14.4001,3,23.3074,75.4101
14.4001,4,23.1551,74.9345
14.4001,5,23.0372,74.4491
14.4001,6,22.9700,73.9538
14.4001,7,22.9316,73.4558
14.4001,8,22.9290,72.9560
14.4001,9,22.9567,72.4571
14.4001,10,23.0076,71.9599
14.4001,11,23.0897,71.4668
14.4001,12,23.1876,70.9767
14.4001,13,23.3106,70.4921
14.4001,14,23.4480,70.0115
14.4001,15,23.6026,69.5361
14.4001,16,23.7723,69.0661
14.4001,17,23.9533,68.6002
14.4001,18,24.1498,68.1410
14.4001,19,24.3529,67.6846
14.4001,20,24.5689,67.2345
14.4001,21,24.7868,66.7855
14.4001,22,25.0076,66.3381
14.4001,23,25.2244,65.8889
14.4001,24,25.4334,65.4365
14.4001,25,25.6201,64.9745
14.4001,26,25.7676,64.4995
14.4001,27,25.8237,64.0100
14.4001,28,25.6878,63.5469
14.4001,29,25.3253,63.2195
14.4001,30,24.8602,63.0471
14.4001,31,24.3701,62.9616
14.4001,32,23.8715,62.9339
14.4001,33,23.3728,62.9594
14.4001,34,22.8766,63.0166
14.4001,35,22.3849,63.0990
14.4001,36,21.8982,63.2081
14.4001,37,21.4137,63.3248
14.4001,38,20.9315,63.4484
14.4001,39,20.4502,63.5787
14.4001,40,19.9629,63.6873
14.4001,41,19.4714,63.7790
14.4001,42,18.9801,63.8717
14.4001,43,18.4907,63.9741
14.4001,44,18.0028,64.0832
14.4001,45,17.6213,64.1730
14.4001,46,17.4257,64.2145
14.4001,47,17.2301,64.2561
14.4001,48,17.0363,64.3055
14.4001,49,16.8428,64.3562
14.4001,50,16.6494,64.4069
15.4500,0,23.2145,71.2274
15.4500,1,23.2714,70.7308
15.4500,2,23.3455,70.2365
15.4500,3,23.4483,69.7473
15.4500,4,23.5740,69.2636
15.4500,5,23.7228,68.7865
15.4500,6,23.9009,68.3194
15.4500,7,24.0995,67.8609
15.4500,8,24.3240,67.4142
15.4500,9,24.5709,66.9797
15.4500,10,24.8367,66.5565
15.4500,11,25.1261,66.1488
15.4500,12,25.4328,65.7541
15.4500,13,25.7547,65.3717
15.4500,14,26.0951,65.0056
15.4500,15,26.4482,64.6518
15.4500,16,26.8130,64.3100
15.4500,17,27.1914,63.9831
15.4500,18,27.5784,63.6667
15.4500,19,27.9744,63.3616
15.4500,20,28.3796,63.0686
15.4500,21,28.7908,62.7843
15.4500,22,29.2088,62.5101
15.4500,23,29.6326,62.2448
15.4500,24,30.0607,61.9865
15.4500,25,30.4938,61.7366
15.4500,26,30.9303,61.4929
15.4500,27,31.3703,61.2554
15.4500,28,31.8132,61.0235
15.4500,29,32.2584,60.7959
15.4500,30,32.7060,60.5730
15.4500,31,33.1552,60.3534
15.4500,32,33.6058,60.1368
15.4500,33,34.0576,59.9227
15.4500,34,34.5102,59.7102
15.4500,35,34.9634,59.4989
15.4500,36,35.4166,59.2879
15.4500,37,35.8699,59.0771
15.4500,38,36.3225,58.8648
15.4500,39,36.6348,58.7146
15.4500,40,36.8127,58.6231
15.4500,41,36.9892,58.5292
15.4500,42,37.1650,58.4337
15.4500,43,37.3388,58.3349
15.4500,44,37.5108,58.2329
15.4500,45,37.6814,58.1284
15.4500,46,37.8486,58.0186
15.4500,47,37.9147,57.9752
16.4996,0,25.5886,65.7545
16.4996,1,25.8881,65.3542
16.4996,2,26.2037,64.9667
16.4996,3,26.5361,64.5934
16.4996,4,26.8875,64.2377
16.4996,5,27.2526,63.8964
16.4996,6,27.6306,63.5693
16.4996,7,28.0218,63.2580
16.4996,8,28.4239,62.9610
16.4996,9,28.8350,62.6764
16.4996,10,29.2543,62.4041
16.4996,11,29.6816,62.1446
16.4996,12,30.1145,61.8945
16.4996,13,30.5523,61.6531
16.4996,14,30.9955,61.4215
16.4996,15,31.4418,61.1961
16.4996,16,31.8908,60.9762
16.4996,17,32.3427,60.7621
16.4996,18,32.7961,60.5514
16.4996,19,33.2506,60.3431
16.4996,20,33.7061,60.1368
16.4996,21,34.1617,59.9308
16.4996,22,34.6170,59.7243
16.4996,23,35.0716,59.5161
16.4996,24,35.5249,59.3052
16.4996,25,35.9766,59.0907
16.4996,26,36.4258,58.8711
16.4996,27,36.8719,58.6453
16.4996,28,37.3146,58.4129
16.4996,29,37.7528,58.1722
16.4996,30,38.1854,57.9215
16.4996,31,38.6123,57.6614
16.4996,32,39.0323,57.3901
16.4996,33,39.4429,57.1049
16.4996,34,39.8448,56.8076
16.4996,35,40.2363,56.4967
16.4996,36,40.6144,56.1696
16.4996,37,40.9794,55.8281
16.4996,38,41.3301,55.4720
16.4996,39,41.6639,55.0998
16.4996,40,41.9802,54.7128
16.4996,41,42.2792,54.3123
16.4996,42,42.5616,53.8997
16.4996,43,42.6102,53.8280
17.5495,0,31.7470,61.2085
17.5495,1,32.2002,60.9973
17.5495,2,32.6536,60.7864
17.5495,3,33.1067,60.5752
17.5495,4,33.5593,60.3626
17.5495,5,34.0109,60.1480
17.5495,6,34.4613,59.9309
17.5495,7,34.9100,59.7103
17.5495,8,35.3566,59.4856
17.5495,9,35.8010,59.2564
17.5495,10,36.2424,59.0216
17.5495,11,36.6806,58.7807
17.5495,12,37.1151,58.5334
17.5495,13,37.5451,58.2784
17.5495,14,37.9702,58.0152
17.5495,15,38.3900,57.7435
17.5495,16,38.8031,57.4619
17.5495,17,39.2089,57.1699
17.5495,18,39.6070,56.8675
17.5495,19,39.9957,56.5531
17.5495,20,40.3740,56.2262
17.5495,21,40.7414,55.8872
17.5495,22,41.0968,55.5356
17.5495,23,41.4379,55.1701
17.5495,24,41.7648,54.7920
17.5495,25,42.0771,54.4016
17.5495,26,42.3698,53.9962
17.5495,27,42.6447,53.5788
17.5495,28,42.9007,53.1495
17.5495,29,43.1341,52.7074
17.5495,30,43.3443,52.2539
17.5495,31,43.5314,51.7905
17.5495,32,43.6943,51.3178
17.5495,33,43.8288,50.8364
17.5495,34,43.9375,50.3486
17.5495,35,44.0212,49.8558
17.5495,36,44.0751,49.3588
17.5495,37,44.1021,48.8598
17.5495,38,44.1057,48.3600
17.5495,39,44.0804,47.8607
17.5495,40,44.0313,47.3633
17.5495,41,43.9616,46.8683
17.5495,42,43.8661,46.3776
17.5495,43,43.7877,46.0036
18.5997,0,39.6703,56.9378
18.5997,1,40.0778,56.6483
18.5997,2,40.4692,56.3374
18.5997,3,40.8426,56.0052
18.5997,4,41.1974,55.6531
18.5997,5,41.5315,55.2810
18.5997,6,41.8472,54.8935
18.5997,7,42.1425,54.4902
18.5997,8,42.4192,54.0737
18.5997,9,42.6738,53.6434
18.5997,10,42.9085,53.2021
18.5997,11,43.1233,52.7506
18.5997,12,43.3172,52.2898
18.5997,13,43.4892,51.8204
18.5997,14,43.6391,51.3435
18.5997,15,43.7695,50.8608
18.5997,16,43.8755,50.3722
18.5997,17,43.9580,49.8791
18.5997,18,44.0186,49.3829
18.5997,19,44.0562,48.8843
18.5997,20,44.0664,48.3845
18.5997,21,44.0512,47.8848
18.5997,22,44.0118,47.3865
18.5997,23,43.9458,46.8909
18.5997,24,43.8494,46.4003
18.5997,25,43.7260,45.9160
18.5997,26,43.5758,45.4392
18.5997,27,43.3964,44.9725
18.5997,28,43.1846,44.5197
18.5997,29,42.9463,44.0803
18.5997,30,42.6820,43.6560
18.5997,31,42.3882,43.2514
18.5997,32,42.0681,42.8676
18.5997,33,41.8724,42.6432
19.6495,0,43.2415,52.0460
19.6495,1,43.4303,51.5831
19.6495,2,43.5947,51.1111
19.6495,3,43.7350,50.6313
19.6495,4,43.8511,50.1451
19.6495,5,43.9426,49.6537
19.6495,6,44.0090,49.1583
19.6495,7,44.0498,48.6602
19.6495,8,44.0643,48.1606
19.6495,9,44.0517,47.6609
19.6495,10,44.0111,47.1628
19.6495,11,43.9416,46.6679
19.6495,12,43.8422,46.1781
19.6495,13,43.7119,45.6956
19.6495,14,43.5500,45.2228
19.6495,15,43.3566,44.7620
19.6495,16,43.1320,44.3155
19.6495,17,42.8763,43.8861
19.6495,18,42.5899,43.4764
19.6495,19,42.2745,43.0888
19.6495,20,41.9351,42.7218
19.6495,21,41.8584,42.6417
20.6998,0,43.6966,45.8026
20.6998,1,43.6419,45.3345
20.6998,2,43.4681,44.8726
20.6998,3,43.2346,44.4313
20.6998,4,42.9697,44.0085
20.6998,5,42.6840,43.6013
20.6998,6,42.3830,43.2077
20.6998,7,42.0488,42.8424
20.6998,8,41.6535,42.5409
20.6998,9,41.2390,42.2651
20.6998,10,40.8167,41.9999
20.6998,11,40.3875,41.7445
20.6998,12,39.9522,41.4992
20.6998,13,39.5106,41.2648
20.6998,14,39.0622,41.0439
20.6998,15,38.6151,40.8431
20.6998,16,38.3326,40.7758
20.6998,17,38.2904,40.8051
21.7496,0,40.0988,41.7796
21.7496,1,39.7190,41.4554
21.7496,2,39.2993,41.1854
21.7496,3,38.8460,40.9768
21.7496,4,38.3680,40.8333
21.7496,5,37.8751,40.7544
21.7496,6,37.3762,40.7367
21.7496,7,36.8783,40.7750
21.7496,8,36.3867,40.8635
21.7496,9,35.9053,40.9969
21.7496,10,35.4369,41.1705
21.7496,11,34.9836,41.3806
21.7496,12,34.5474,41.6243
21.7496,13,34.1304,41.8995
21.7496,14,33.7353,42.2055
21.7496,15,33.3644,42.5404
21.7496,16,33.0202,42.9028
21.7496,17,32.7078,43.2928
21.7496,18,32.4311,43.7089
21.7496,19,32.1966,44.1499
21.7496,20,32.0049,44.6115
21.7496,21,31.9879,44.6554
22.7496,0,35.2892,41.6689
22.7496,1,34.8210,41.8426
22.7496,2,34.3723,42.0601
22.7496,3,33.9478,42.3225
22.7496,4,33.5526,42.6284
22.7496,5,33.1886,42.9706
22.7496,6,32.8495,43.3373
22.7496,7,32.5352,43.7259
22.7496,8,32.2469,44.1343
22.7496,9,31.9765,44.5546
22.7496,10,31.7223,44.9851
22.7496,11,31.4843,45.4248
22.7496,12,31.2597,45.8714
22.7496,13,31.0456,46.3233
22.7496,14,30.8420,46.7799
22.7496,15,30.6472,47.2404
22.7496,16,30.4584,47.7034
22.7496,17,30.2750,48.1685
22.7496,18,30.0957,48.6352
22.7496,19,29.9184,49.1028
22.7496,20,29.7425,49.5708
22.7496,21,29.5664,50.0387
22.7496,22,29.3891,50.5062
22.7496,23,29.2096,50.9729
22.7496,24,29.0255,51.4378
22.7496,25,28.8369,51.9008
22.7496,26,28.6427,52.3615
22.7496,27,28.4401,52.8186
22.7496,28,28.2307,53.2726
22.7496,29,28.0137,53.7231
22.7496,30,27.7872,54.1688
22.7496,31,27.5522,54.6101
22.7496,32,27.3082,55.0464
22.7496,33,27.0537,55.4768
22.7496,34,26.7891,55.9010
22.7496,35,26.5145,56.3188
22.7496,36,26.2294,56.7295
22.7496,37,25.9324,57.1316
22.7496,38,25.6251,57.5260
22.7496,39,25.3073,57.9118
22.7496,40,24.9777,58.2877
22.7496,41,24.6402,58.6565
22.7496,42,24.2964,59.0194
22.7496,43,23.9379,59.3676
22.7496,44,23.5637,59.6985
22.7496,45,23.3332,59.9010
22.7496,46,23.1840,60.0342
22.7496,47,23.0309,60.1630
22.7496,48,22.8756,60.2888
22.7496,49,22.7172,60.4110
22.7496,50,22.6893,60.4324
23.7995,0,30.9860,47.0512
23.7995,1,30.7848,47.5089
23.7995,2,30.5848,47.9672
23.7995,3,30.3856,48.4257
23.7995,4,30.1861,48.8842
23.7995,5,29.9862,49.3425
23.7995,6,29.7855,49.8005
23.7995,7,29.5829,50.2576
23.7995,8,29.3783,50.7138
23.7995,9,29.1714,51.1690
23.7995,10,28.9611,51.6226
23.7995,11,28.7472,52.0745
23.7995,12,28.5296,52.5247
23.7995,13,28.3072,52.9724
23.7995,14,28.0794,53.4175
23.7995,15,27.8465,53.8599
23.7995,16,27.6074,54.2990
23.7995,17,27.3611,54.7341
23.7995,18,27.1084,55.1655
23.7995,19,26.8484,55.5925
23.7995,20,26.5794,56.0140
23.7995,21,26.3033,56.4308
23.7995,22,26.0196,56.8425
23.7995,23,25.7266,57.2476
23.7995,24,25.4263,57.6473
23.7995,25,25.1184,58.0412
23.7995,26,24.8015,58.4280
23.7995,27,24.4771,58.8084
23.7995,28,24.1451,59.1822
23.7995,29,23.8047,59.5484
23.7995,30,23.4566,59.9073
23.7995,31,23.1015,60.2591
23.7995,32,22.7385,60.6028
23.7995,33,22.3678,60.9383
23.7995,34,21.9910,61.2667
23.7995,35,21.6095,61.5898
23.7995,36,21.2245,61.9088
23.7995,37,20.8336,62.2203
23.7995,38,20.4352,62.5224
23.7995,39,20.0332,62.8196
23.7995,40,19.6365,63.0987
23.7995,41,19.4734,63.2145
23.7995,42,19.3076,63.3263
23.7995,43,19.2087,63.3927
24.7996,0,26.7723,55.8064
24.7996,1,26.4821,56.2135
24.7996,2,26.1846,56.6153
24.7996,3,25.8800,57.0118
24.7996,4,25.5677,57.4022
24.7996,5,25.2483,57.7869
24.7996,6,24.9230,58.1665
24.7996,7,24.5917,58.5411
24.7996,8,24.2540,58.9097
24.7996,9,23.9110,59.2736
24.7996,10,23.5634,59.6330
24.7996,11,23.2110,59.9876
24.7996,12,22.8536,60.3372
24.7996,13,22.4925,60.6831
24.7996,14,22.1277,61.0250
24.7996,15,21.7590,61.3627
24.7996,16,21.3871,61.6969
24.7996,17,21.0125,62.0281
24.7996,18,20.6351,62.3561
24.7996,19,20.2549,62.6808
24.7996,20,19.8728,63.0032
24.7996,21,19.4887,63.3233
24.7996,22,19.1027,63.6411
24.7996,23,18.7151,63.9570
24.7996,24,18.3264,64.2715
24.7996,25,17.9365,64.5846
24.7996,26,17.5457,64.8964
24.7996,27,17.1543,65.2075
24.7996,28,16.7625,65.5181
24.7996,29,16.3704,65.8284
24.7996,30,15.9781,66.1385
24.7996,31,15.5854,66.4479
24.7996,32,15.1915,66.7558
24.7996,33,14.7971,67.0632
24.7996,34,14.4033,67.3713
24.7996,35,14.0106,67.6808
24.7996,36,13.6195,67.9922
24.7996,37,13.2299,68.3056
24.7996,38,12.8403,68.6189
24.7996,39,12.4509,68.9326
24.7996,40,12.0638,69.2491
24.7996,41,11.6799,69.5694
24.7996,42,11.2956,69.8892
24.7996,43,10.9131,70.2112
24.7996,44,10.5986,70.4819
24.7996,45,10.4465,70.6117
24.7996,46,10.2952,70.7425
24.7996,47,10.1451,70.8747
24.7996,48,10.1135,70.9025
25.8497,0,16.7972,65.5076
25.8497,1,16.4065,65.8197
25.8497,2,16.0160,66.1320
25.8497,3,15.6257,66.4444
25.8497,4,15.2355,66.7571
25.8497,5,14.8453,67.0698
25.8497,6,14.4553,67.3826
25.8497,7,14.0653,67.6955
25.8497,8,13.6754,68.0085
25.8497,9,13.2854,68.3214
25.8497,10,12.8955,68.6344
25.8497,11,12.5055,68.9473
25.8497,12,12.1155,69.2602
25.8497,13,11.7253,69.5729
25.8497,14,11.3351,69.8855
25.8497,15,10.9448,70.1980
25.8497,16,10.5543,70.5103
25.8497,17,10.1637,70.8224
25.8497,18,9.7729,71.1343
25.8497,19,9.3819,71.4459
25.8497,20,8.9906,71.7573
25.8497,21,8.5992,72.0683
25.8497,22,8.2074,72.3790
25.8497,23,7.8153,72.6893
25.8497,24,7.4230,72.9992
25.8497,25,7.0303,73.3087
25.8497,26,6.6372,73.6177
25.8497,27,6.2438,73.9263
25.8497,28,5.8499,74.2343
25.8497,29,5.4557,74.5418
25.8497,30,5.0610,74.8488
25.8497,31,4.6658,75.1551
25.8497,32,4.2701,75.4608
25.8497,33,3.8740,75.7659
25.8497,34,3.4773,76.0702
25.8497,35,3.0801,76.3739
25.8497,36,2.6825,76.6771
25.8497,37,2.2842,76.9794
25.8497,38,1.8851,77.2805
25.8497,39,1.4856,77.5813
25.8497,40,1.0854,77.8809
25.8497,41,0.6846,78.1799
25.8497,42,0.3816,78.4051
25.8497,43,0.2208,78.5241
25.8497,44,0.1600,78.5691
26.8995,0,3.2932,76.2079
26.8995,1,2.8939,76.5088
26.8995,2,2.4946,76.8098
26.8995,3,2.0954,77.1108
26.8995,4,1.6961,77.4118
26.8995,5,1.2968,77.7127
26.8995,6,0.8974,78.0134
26.8995,7,0.4977,78.3139
26.8995,8,0.0978,78.6140
26.8995,9,-0.3025,78.9137
26.8995,10,-0.7030,79.2129
26.8995,11,-1.1041,79.5115
26.8995,12,-1.5056,79.8094
26.8995,13,-1.9077,80.1067
26.8995,14,-2.3103,80.4031
26.8995,15,-2.7137,80.6985
26.8995,16,-3.1178,80.9931
26.8995,17,-3.5225,81.2866
26.8995,18,-3.9283,81.5788
26.8995,19,-4.3348,81.8699
26.8995,20,-4.7422,82.1598
26.8995,21,-5.1507,82.4481
26.8995,22,-5.5602,82.7350
26.8995,23,-5.9707,83.0204
26.8995,24,-6.3824,83.3041
26.8995,25,-6.7954,83.5860
26.8995,26,-7.2096,83.8661
26.8995,27,-7.6250,84.1443
26.8995,28,-8.0420,84.4202
26.8995,29,-8.4602,84.6942
26.8995,30,-8.8798,84.9661
26.8995,31,-9.3010,85.2356
26.8995,32,-9.7237,85.5026
26.8995,33,-10.1485,85.7663
26.8995,34,-10.5754,86.0266
26.8995,35,-11.0047,86.2830
26.8995,36,-11.4354,86.5370
26.8995,37,-11.8676,86.7884
26.8995,38,-12.3018,87.0363
26.8995,39,-12.7380,87.2806
26.8995,40,-12.9448,87.3954
26.8995,41,-13.1203,87.4913
26.8995,42,-13.1367,87.5003
27.8996,0,-8.3240,84.6442
27.8996,1,-8.7428,84.9172
27.8996,2,-9.1620,85.1898
27.8996,3,-9.5819,85.4612
27.8996,4,-10.0031,85.7306
27.8996,5,-10.4262,85.9970
27.8996,6,-10.8513,86.2602
27.8996,7,-11.2791,86.5191
27.8996,8,-11.7099,86.7729
27.8996,9,-12.1435,87.0217
27.8996,10,-12.5812,87.2634
27.8996,11,-13.0229,87.4976
27.8996,12,-13.4682,87.7251
27.8996,13,-13.9189,87.9416
27.8996,14,-14.3741,88.1483
27.8996,15,-14.8340,88.3444
27.8996,16,-15.2999,88.5258
27.8996,17,-15.7705,88.6942
27.8996,18,-16.2469,88.8460
27.8996,19,-16.7292,88.9775
27.8996,20,-17.2158,89.0916
27.8996,21,-17.7074,89.1822
27.8996,22,-18.2035,89.2435
27.8996,23,-18.7018,89.2803
27.8996,24,-19.2015,89.2882
27.8996,25,-19.7003,89.2563
27.8996,26,-20.1956,89.1914
27.8996,27,-20.6852,89.0916
27.8996,28,-21.1642,88.9490
27.8996,29,-21.6301,88.7689
27.8996,30,-22.0815,88.5552
27.8996,31,-22.5135,88.3038
27.8996,32,-22.9241,88.0191
27.8996,33,-23.3166,87.7101
27.8996,34,-23.6840,87.3711
27.8996,35,-24.0313,87.0120
27.8996,36,-24.3637,86.6385
27.8996,37,-24.3985,86.5986
28.9496,0,-16.4977,88.9266
28.9496,1,-16.9733,89.0803
28.9496,2,-17.4567,89.2057
28.9496,3,-17.9480,89.2962
28.9496,4,-18.4455,89.3432
28.9496,5,-18.9448,89.3540
28.9496,6,-19.4434,89.3246
28.9496,7,-19.9380,89.2528
28.9496,8,-20.4248,89.1405
28.9496,9,-20.9021,88.9931
28.9496,10,-21.3676,88.8115
28.9496,11,-21.8195,88.5977
28.9496,12,-22.2559,88.3541
28.9496,13,-22.6782,88.0870
28.9496,14,-23.0862,87.7983
28.9496,15,-23.4787,87.4886
28.9496,16,-23.8568,87.1617
28.9496,17,-24.2219,86.8202
28.9496,18,-24.5742,86.4655
28.9496,19,-24.9126,86.0975
28.9496,20,-25.2399,85.7197
28.9496,21,-25.5566,85.3328
28.9496,22,-25.8614,84.9365
28.9496,23,-26.1565,84.5329
28.9496,24,-26.4422,84.1227
28.9496,25,-26.7188,83.7062
28.9496,26,-26.9884,83.2851
28.9496,27,-27.2503,82.8592
28.9496,28,-27.5033,82.4280
28.9496,29,-27.7507,81.9935
28.9496,30,-27.9926,81.5560
28.9496,31,-28.2304,81.1162
28.9496,32,-28.4325,80.7359
28.9496,33,-28.5270,80.5597
28.9496,34,-28.5733,80.4731
29.9994,0,-22.6302,87.7822
29.9994,1,-23.0432,87.5004
29.9994,2,-23.4469,87.2056
29.9994,3,-23.8407,86.8976
29.9994,4,-24.2216,86.5738
29.9994,5,-24.5934,86.2397
29.9994,6,-24.9553,85.8948
29.9994,7,-25.3038,85.5363
29.9994,8,-25.6429,85.1689
29.9994,9,-25.9716,84.7922
29.9994,10,-26.2864,84.4039
29.9994,11,-26.5915,84.0078
29.9994,12,-26.8854,83.6034
29.9994,13,-27.1656,83.1893
29.9994,14,-27.4354,82.7685
29.9994,15,-27.6930,82.3400
29.9994,16,-27.9369,81.9036
29.9994,17,-28.1698,81.4612
29.9994,18,-28.3888,81.0117
29.9994,19,-28.5940,80.5558
29.9994,20,-28.7873,80.0948
29.9994,21,-28.9652,79.6275
29.9994,22,-29.1290,79.1552
29.9994,23,-29.2801,78.6787
29.9994,24,-29.4141,78.1970
29.9994,25,-29.5339,77.7117
29.9994,26,-29.6401,77.2231
29.9994,27,-29.7274,76.7309
29.9994,28,-29.8002,76.2363
29.9994,29,-29.8581,75.7397
29.9994,30,-29.8950,75.2411
29.9994,31,-29.9169,74.7417
29.9994,32,-29.9234,74.2418
29.9994,33,-29.9080,73.7421
29.9994,34,-29.8772,73.2432
29.9994,35,-29.8305,72.7454
29.9994,36,-29.7663,72.2635
29.9994,37,-29.7290,72.0670
29.9994,38,-29.6856,71.8718
29.9994,39,-29.6304,71.6796
29.9994,40,-29.5693,71.4893
29.9994,41,-29.5015,71.3011
29.9994,42,-29.4225,71.1174
29.9994,43,-29.3380,70.9362
29.9994,44,-29.2462,70.7586
29.9994,45,-29.2306,70.7284
31.0499,0,-28.3857,80.8970
31.0499,1,-28.6109,80.4506
31.0499,2,-28.8192,79.9962
31.0499,3,-29.0106,79.5344
31.0499,4,-29.1839,79.0654
31.0499,5,-29.3385,78.5900
31.0499,6,-29.4766,78.1095
31.0499,7,-29.5979,77.6245
31.0499,8,-29.6987,77.1348
31.0499,9,-29.7833,76.6421
31.0499,10,-29.8512,76.1468
31.0499,11,-29.8992,75.6491
31.0499,12,-29.9300,75.1501
31.0499,13,-29.9434,74.6503
31.0499,14,-29.9384,74.1504
31.0499,15,-29.9145,73.6510
31.0499,16,-29.8724,73.1529
31.0499,17,-29.8130,72.6564
31.0499,18,-29.7333,72.1629
31.0499,19,-29.6343,71.6729
31.0499,20,-29.5175,71.1867
31.0499,21,-29.3817,70.7056
31.0499,22,-29.2248,70.2309
31.0499,23,-29.0493,69.7628
31.0499,24,-28.8563,69.3016
31.0499,25,-28.6406,68.8505
31.0499,26,-28.4056,68.4093
31.0499,27,-28.1532,67.9778
31.0499,28,-27.8796,67.5594
31.0499,29,-27.5850,67.1555
31.0499,30,-27.2742,66.7640
31.0499,31,-26.9462,66.3867
31.0499,32,-26.5970,66.0289
31.0499,33,-26.2340,65.6852
31.0499,34,-25.9183,65.4058
32.0996,0,-29.8137,73.1167
32.0996,1,-29.7814,72.6177
32.0996,2,-29.7261,72.1210
32.0996,3,-29.6446,71.6279
32.0996,4,-29.5362,71.1398
32.0996,5,-29.4037,70.6578
32.0996,6,-29.2477,70.1830
32.0996,7,-29.0687,69.7162
32.0996,8,-28.8654,69.2594
32.0996,9,-28.6420,68.8122
32.0996,10,-28.3983,68.3758
32.0996,11,-28.1339,67.9514
32.0996,12,-27.8514,67.5390
32.0996,13,-27.5505,67.1398
32.0996,14,-27.2336,66.7531
32.0996,15,-26.8995,66.3812
32.0996,16,-26.5498,66.0240
32.0996,17,-26.1869,65.6801
32.0996,18,-25.8092,65.3525
32.0996,19,-25.4180,65.0413
32.0996,20,-25.0152,64.7452
32.0996,21,-24.6010,64.4652
32.0996,22,-24.1745,64.2043
32.0996,23,-23.7382,63.9603
32.0996,24,-23.2933,63.7322
32.0996,25,-22.8380,63.5257
32.0996,26,-22.3746,63.3380
32.0996,27,-21.9041,63.1693
32.0996,28,-21.4253,63.0253
32.0996,29,-20.9400,62.9055
32.0996,30,-20.4507,62.8036
32.0996,31,-19.9575,62.7221
32.0996,32,-19.4606,62.6673
32.0996,33,-19.0132,62.6334
32.0996,34,-18.8391,62.6238
33.1495,0,-27.6465,67.3753
33.1495,1,-27.3572,66.9675
33.1495,2,-27.0543,66.5700
33.1495,3,-26.7305,66.1891
33.1495,4,-26.3892,65.8240
33.1495,5,-26.0316,65.4748
33.1495,6,-25.6521,65.1494
33.1495,7,-25.2589,64.8410
33.1495,8,-24.8501,64.5534
33.1495,9,-24.4249,64.2905
33.1495,10,-23.9884,64.0473
33.1495,11,-23.5401,63.8261
33.1495,12,-23.0806,63.6293
33.1495,13,-22.6134,63.4516
33.1495,14,-22.1388,63.2944
33.1495,15,-21.6575,63.1594
33.1495,16,-21.1719,63.0411
33.1495,17,-20.6822,62.9403
33.1495,18,-20.1891,62.8579
33.1495,19,-19.6939,62.7892
33.1495,20,-19.1969,62.7351
33.1495,21,-18.6985,62.6950
33.1495,22,-18.1994,62.6656
33.1495,23,-17.6998,62.6483
33.1495,24,-17.1998,62.6409
33.1495,25,-16.6999,62.6417
33.1495,26,-16.2000,62.6520
33.1495,27,-15.7003,62.6690
33.1495,28,-15.2008,62.6922
33.1495,29,-14.7017,62.7220
33.1495,30,-14.2029,62.7561
33.1495,31,-13.7044,62.7949
33.1495,32,-13.2062,62.8371
33.1495,33,-12.7082,62.8820
33.1495,34,-12.2105,62.9294
33.1495,35,-11.7129,62.9780
33.1495,36,-11.2153,63.0275
33.1495,37,-10.7178,63.0768
33.1495,38,-10.2201,63.1253
33.1495,39,-9.7223,63.1723
33.1495,40,-9.2243,63.2166
33.1495,41,-8.7260,63.2579
33.1495,42,-8.2274,63.2948
33.1495,43,-7.7284,63.3263
33.1495,44,-7.2291,63.3520
33.1495,45,-6.7294,63.3710
33.1495,46,-6.6485,63.3738
34.1497,0,-23.2909,63.8891
34.1497,1,-22.8393,63.6746
34.1497,2,-22.3799,63.4777
34.1497,3,-21.9126,63.3002
34.1497,4,-21.4369,63.1463
34.1497,5,-20.9558,63.0109
34.1497,6,-20.4697,62.8942
34.1497,7,-19.9791,62.7978
34.1497,8,-19.4853,62.7200
34.1497,9,-18.9892,62.6583
34.1497,10,-18.4914,62.6123
34.1497,11,-17.9923,62.5835
34.1497,12,-17.4926,62.5670
34.1497,13,-16.9927,62.5624
34.1497,14,-16.4928,62.5709
34.1497,15,-15.9931,62.5889
34.1497,16,-15.4938,62.6152
34.1497,17,-14.9950,62.6501
34.1497,18,-14.4968,62.6918
34.1497,19,-13.9990,62.7385
34.1497,20,-13.5017,62.7901
34.1497,21,-13.0047,62.8455
34.1497,22,-12.5081,62.9030
34.1497,23,-12.0116,62.9621
34.1497,24,-11.5152,63.0219
34.1497,25,-11.0187,63.0811
34.1497,26,-10.5221,63.1391
34.1497,27,-10.0251,63.1942
34.1497,28,-9.5278,63.2462
34.1497,29,-9.0301,63.2940
34.1497,30,-8.5319,63.3358
34.1497,31,-8.0332,63.3713
34.1497,32,-7.5340,63.3997
34.1497,33,-7.0344,63.4187
34.1497,34,-6.5345,63.4282
34.1497,35,-6.0345,63.4271
34.1497,36,-5.5347,63.4137
34.1497,37,-5.0355,63.3868
34.1497,38,-4.5372,63.3461
34.1497,39,-4.0404,63.2905
34.1497,40,-3.5458,63.2171
34.1497,41,-3.0540,63.1278
34.1497,42,-2.6021,63.0345
35.1995,0,-15.7673,62.8225
35.1995,1,-15.2684,62.8561
35.1995,2,-14.7696,62.8905
35.1995,3,-14.2709,62.9253
35.1995,4,-13.7721,62.9600
35.1995,5,-13.2733,62.9945
35.1995,6,-12.7744,63.0283
35.1995,7,-12.2755,63.0612
35.1995,8,-11.7765,63.0927
35.1995,9,-11.2774,63.1227
35.1995,10,-10.7782,63.1508
35.1995,11,-10.2788,63.1765
35.1995,12,-9.7794,63.1998
35.1995,13,-9.2798,63.2203
35.1995,14,-8.7801,63.2373
35.1995,15,-8.2803,63.2511
35.1995,16,-7.7804,63.2613
35.1995,17,-7.2804,63.2668
35.1995,18,-6.7805,63.2681
35.1995,19,-6.2805,63.2651
35.1995,20,-5.7806,63.2562
35.1995,21,-5.2808,63.2422
35.1995,22,-4.7811,63.2231
35.1995,23,-4.2818,63.1970
35.1995,24,-3.7829,63.1648
35.1995,25,-3.2843,63.1267
35.1995,26,-2.7865,63.0807
35.1995,27,-2.2893,63.0273
35.1995,28,-1.7930,62.9673
35.1995,29,-1.2977,62.8986
35.1995,30,-0.8037,62.8214
35.1995,31,-0.3110,62.7366
35.1995,32,0.1801,62.6428
35.1995,33,0.6692,62.5390
35.1995,34,1.1565,62.4271
35.1995,35,1.6415,62.3058
35.1995,36,2.1237,62.1735
35.1995,37,2.6033,62.0324
35.1995,38,3.0801,61.8817
35.1995,39,3.5529,61.7193
35.1995,40,4.0225,61.5478
35.1995,41,4.4886,61.3668
35.1995,42,4.9501,61.1743
35.1995,43,5.1636,61.0842
36.2002,0,-5.5408,63.3077
36.2002,1,-5.0414,63.2841
36.2002,2,-4.5424,63.2534
36.2002,3,-4.0439,63.2142
36.2002,4,-3.5462,63.1666
36.2002,5,-3.0492,63.1119
36.2002,6,-2.5532,63.0485
36.2002,7,-2.0583,62.9780
36.2002,8,-1.5643,62.9005
36.2002,9,-1.0717,62.8146
36.2002,10,-0.5804,62.7224
36.2002,11,-0.0902,62.6235
36.2002,12,0.3984,62.5173
36.2002,13,0.8855,62.4049
36.2002,14,1.3712,62.2862
36.2002,15,1.8553,62.1611
36.2002,16,2.3379,62.0305
36.2002,17,2.8188,61.8935
36.2002,18,3.2981,61.7511
36.2002,19,3.7759,61.6039
36.2002,20,4.2518,61.4505
36.2002,21,4.7261,61.2923
36.2002,22,5.1989,61.1295
36.2002,23,5.6698,60.9616
36.2002,24,6.1392,60.7894
36.2002,25,6.6070,60.6127
36.2002,26,7.0730,60.4316
36.2002,27,7.5377,60.2469
36.2002,28,8.0005,60.0578
36.2002,29,8.4618,59.8650
36.2002,30,8.9218,59.6690
36.2002,31,9.3800,59.4689
36.2002,32,9.8370,59.2659
36.2002,33,10.2925,59.0599
36.2002,34,10.7465,58.8504
36.2002,35,11.1994,58.6385
36.2002,36,11.6508,58.4235
36.2002,37,12.1010,58.2060
36.2002,38,12.5500,57.9860
36.2002,39,12.9971,57.7620
36.2002,40,13.4427,57.5353
36.2002,41,13.8870,57.3060
36.2002,42,14.3304,57.0749
36.2002,43,14.7728,56.8419
36.2002,44,15.2142,56.6071
36.2002,45,15.4500,56.4809
36.2002,46,15.6189,56.3901
37.2495,0,5.3353,60.9977
37.2495,1,5.7995,60.8118
37.2495,2,6.2648,60.6290
37.2495,3,6.7311,60.4486
37.2495,4,7.1981,60.2699
37.2495,5,7.6654,60.0923
37.2495,6,8.1328,59.9147
37.2495,7,8.6000,59.7366
37.2495,8,9.0669,59.5575
37.2495,9,9.5330,59.3766
37.2495,10,9.9982,59.1935
37.2495,11,10.4625,59.0079
37.2495,12,10.9252,58.8183
37.2495,13,11.3863,58.6251
37.2495,14,11.8457,58.4277
37.2495,15,12.3027,58.2247
37.2495,16,12.7571,58.0163
37.2495,17,13.2089,57.8021
37.2495,18,13.6572,57.5806
37.2495,19,14.1016,57.3516
37.2495,20,14.5421,57.1149
37.2495,21,14.9776,56.8694
37.2495,22,15.4075,56.6141
37.2495,23,15.8313,56.3488
37.2495,24,16.2486,56.0735
37.2495,25,16.6571,55.7852
37.2495,26,17.0570,55.4851
37.2495,27,17.4473,55.1727
37.2495,28,17.8262,54.8464
37.2495,29,18.1917,54.5054
37.2495,30,18.5432,54.1500
37.2495,31,18.8789,53.7795
37.2495,32,19.1962,53.3932
37.2495,33,19.4928,52.9907
37.2495,34,19.7667,52.5726
37.2495,35,20.0172,52.1401
37.2495,36,20.2433,51.6941
37.2495,37,20.4395,51.2344
37.2495,38,20.6058,50.7631
37.2495,39,20.7451,50.2832
37.2495,40,20.8392,49.7923
37.2495,41,20.8785,49.2943
37.2495,42,20.8720,48.7956
37.2495,43,20.8513,48.2965
37.2495,44,20.7975,47.8000
37.2495,45,20.7399,47.4508
37.2495,46,20.7089,47.2533
37.2495,47,20.6633,47.0586
37.2495,48,20.6369,46.9454
38.2509,0,14.7164,57.0185
38.2509,1,15.1588,56.7856
38.2509,2,15.5936,56.5392
38.2509,3,16.0203,56.2788
38.2509,4,16.4376,56.0035
38.2509,5,16.8448,55.7136
38.2509,6,17.2418,55.4098
38.2509,7,17.6277,55.0920
38.2509,8,18.0001,54.7585
38.2509,9,18.3592,54.4107
38.2509,10,18.7048,54.0495
38.2509,11,19.0317,53.6713
38.2509,12,19.3407,53.2785
38.2509,13,19.6323,52.8724
38.2509,14,19.8997,52.4501
38.2509,15,20.1419,52.0130
38.2509,16,20.3604,51.5635
38.2509,17,20.5511,51.1015
38.2509,18,20.7067,50.6266
38.2509,19,20.8320,50.1429
38.2509,20,20.9256,49.6520
38.2509,21,20.9795,49.1551
38.2509,22,20.9969,48.6558
38.2509,23,20.9817,48.1564
38.2509,24,20.9294,47.6593
38.2509,25,20.8396,47.1677
38.2509,26,20.7219,46.6821
38.2509,27,20.5758,46.2040
38.2509,28,20.5392,46.0859
39.3004,0,19.3093,53.1336
39.3004,1,19.6841,52.8314
39.3004,2,19.9711,52.4240
39.3004,3,20.2072,51.9848
39.3004,4,20.4052,51.5269
39.3004,5,20.5678,51.0548
39.3004,6,20.6973,50.5721
39.3004,7,20.7939,50.0817
39.3004,8,20.8603,49.5864
39.3004,9,20.8987,49.0881
39.3004,10,20.9080,48.5886
39.3004,11,20.8885,48.0893
39.3004,12,20.8435,47.5915
39.3004,13,20.7720,47.0969
39.3004,14,20.6753,46.6065
39.3004,15,20.5557,46.1212
39.3004,16,20.4162,45.6412
39.3004,17,20.2593,45.1665
39.3004,18,20.0864,44.6974
39.3004,19,19.8984,44.2341
39.3004,20,19.6987,43.7758
39.3004,21,19.4893,43.3218
39.3004,22,19.2723,42.8714
39.3004,23,19.0816,42.4763
39.3004,24,19.0597,42.4274
40.3510,0,20.6589,48.0713
40.3510,1,20.6731,47.5716
40.3510,2,20.6620,47.0721
40.3510,3,20.6212,46.5739
40.3510,4,20.5493,46.0793
40.3510,5,20.4509,45.5894
40.3510,6,20.3240,45.1059
40.3510,7,20.1676,44.6311
40.3510,8,19.9863,44.1654
40.3510,9,19.7804,43.7099
40.3510,10,19.5472,43.2676
40.3510,11,19.2925,42.8377
40.3510,12,19.0173,42.4203
40.3510,13,18.7193,42.0189
40.3510,14,18.4030,41.6319
40.3510,15,18.0702,41.2589
40.3510,16,17.7195,40.9026
40.3510,17,17.3533,40.5623
40.3510,18,16.9742,40.2364
40.3510,19,16.5810,39.9277
40.3510,20,16.1751,39.6359
40.3510,21,15.7590,39.3588
40.3510,22,15.3315,39.0995
40.3510,23,14.8939,38.8579
40.3510,24,14.4485,38.6308
40.3510,25,13.9940,38.4226
40.3510,26,13.5317,38.2325
40.3510,27,13.0636,38.0571
40.3510,28,12.5895,37.8983
40.3510,29,12.1092,37.7603
40.3510,30,11.6215,37.6534
40.3510,31,11.1277,37.5843
40.3510,32,10.9277,37.5445
40.3510,33,10.7307,37.5104
40.3510,34,10.5321,37.4867
40.3510,35,10.3329,37.4694
40.3510,36,10.1573,37.4585
41.4003,0,18.6622,42.2075
41.4003,1,18.3639,41.8064
41.4003,2,18.0494,41.4180
41.4003,3,17.7174,41.0442
41.4003,4,17.3657,40.6890
41.4003,5,16.9981,40.3503
41.4003,6,16.6160,40.0280
41.4003,7,16.2187,39.7245
41.4003,8,15.8067,39.4414
41.4003,9,15.3833,39.1757
41.4003,10,14.9495,38.9273
41.4003,11,14.5052,38.6981
41.4003,12,14.0516,38.4879
41.4003,13,13.5910,38.2936
41.4003,14,13.1241,38.1150
41.4003,15,12.6510,37.9534
41.4003,16,12.1728,37.8076
41.4003,17,11.6908,37.6747
41.4003,18,11.2054,37.5551
41.4003,19,10.7167,37.4491
41.4003,20,10.2257,37.3549
41.4003,21,9.7328,37.2712
41.4003,22,9.2383,37.1977
41.4003,23,8.7422,37.1349
41.4003,24,8.2453,37.0802
41.4003,25,7.7474,37.0339
41.4003,26,7.2489,36.9952
41.4003,27,6.7499,36.9638
41.4003,28,6.2506,36.9385
41.4003,29,5.7510,36.9188
41.4003,30,5.2512,36.9049
41.4003,31,4.7513,36.8955
41.4003,32,4.2513,36.8900
41.4003,33,3.7513,36.8883
41.4003,34,3.2513,36.8898
41.4003,35,2.7513,36.8937
41.4003,36,2.2514,36.8997
41.4003,37,1.7514,36.9072
41.4003,38,1.2515,36.9156
41.4003,39,0.7516,36.9246
41.4003,40,0.2517,36.9332
41.4003,41,-0.2483,36.9406
41.4003,42,-0.7482,36.9463
41.4003,43,-1.2482,36.9501
41.4003,44,-1.7482,36.9507
41.4003,45,-2.2482,36.9476
41.4003,46,-2.7302,36.9422
41.4003,47,-2.9220,36.9368
42.4496,0,12.9834,38.2605
42.4496,1,12.5103,38.0987
42.4496,2,12.0338,37.9474
42.4496,3,11.5537,37.8076
42.4496,4,11.0705,37.6793
42.4496,5,10.5846,37.5615
42.4496,6,10.0963,37.4541
42.4496,7,9.6059,37.3567
42.4496,8,9.1136,37.2694
42.4496,9,8.6197,37.1911
42.4496,10,8.1246,37.1214
42.4496,11,7.6283,37.0608
42.4496,12,7.1311,37.0078
42.4496,13,6.6332,36.9625
42.4496,14,6.1347,36.9243
42.4496,15,5.6357,36.8928
42.4496,16,5.1363,36.8678
42.4496,17,4.6367,36.8482
42.4496,18,4.1369,36.8342
42.4496,19,3.6370,36.8254
42.4496,20,3.1371,36.8205
42.4496,21,2.6371,36.8203
42.4496,22,2.1371,36.8238
42.4496,23,1.6372,36.8303
42.4496,24,1.1372,36.8398
42.4496,25,0.6374,36.8520
42.4496,26,0.1376,36.8661
42.4496,27,-0.3621,36.8819
42.4496,28,-0.8618,36.8992
42.4496,29,-1.3615,36.9174
42.4496,30,-1.8612,36.9361
42.4496,31,-2.3608,36.9550
42.4496,32,-2.8605,36.9737
42.4496,33,-3.3601,36.9918
42.4496,34,-3.8598,37.0088
42.4496,35,-4.3596,37.0244
42.4496,36,-4.8594,37.0384
42.4496,37,-5.3592,37.0499
42.4496,38,-5.8591,37.0587
42.4496,39,-6.3590,37.0649
42.4496,40,-6.8589,37.0675
42.4496,41,-7.3589,37.0685
42.4496,42,-7.8588,37.0732
42.4496,43,-8.3588,37.0705
42.4496,44,-8.8585,37.0583
42.4496,45,-9.0725,37.0564
42.4496,46,-9.2725,37.0537
42.4496,47,-9.4724,37.0484
42.4496,48,-9.6723,37.0415
42.4496,49,-9.8465,37.0343
43.4502,0,2.7132,36.8559
43.4502,1,2.2132,36.8601
43.4502,2,1.7132,36.8653
43.4502,3,1.2133,36.8714
43.4502,4,0.7133,36.8784
43.4502,5,0.2134,36.8862
43.4502,6,-0.2865,36.8946
43.4502,7,-0.7865,36.9037
43.4502,8,-1.2864,36.9133
43.4502,9,-1.7863,36.9233
43.4502,10,-2.2862,36.9337
43.4502,11,-2.7860,36.9444
43.4502,12,-3.2859,36.9553
43.4502,13,-3.7858,36.9663
43.4502,14,-4.2857,36.9773
43.4502,15,-4.7856,36.9883
43.4502,16,-5.2854,36.9991
43.4502,17,-5.7853,37.0097
43.4502,18,-6.2852,37.0200
43.4502,19,-6.7851,37.0299
43.4502,20,-7.2850,37.0394
43.4502,21,-7.7850,37.0484
43.4502,22,-8.2849,37.0566
43.4502,23,-8.7848,37.0643
43.4502,24,-9.2848,37.0710
43.4502,25,-9.7847,37.0769
43.4502,26,-10.2847,37.0820
43.4502,27,-10.7847,37.0859
43.4502,28,-11.2847,37.0887
43.4502,29,-11.7847,37.0904
43.4502,30,-12.2847,37.0907
43.4502,31,-12.7847,37.0896
43.4502,32,-13.2847,37.0873
43.4502,33,-13.7847,37.0832
43.4502,34,-14.2846,37.0776
43.4502,35,-14.7846,37.0705
43.4502,36,-15.2845,37.0614
43.4502,37,-15.7844,37.0498
43.4502,38,-16.2841,37.0352
43.4502,39,-16.7838,37.0175
43.4502,40,-17.2835,36.9992
43.4502,41,-17.7830,36.9777
43.4502,42,-18.0197,36.9672
43.4502,43,-18.2195,36.9580
43.4502,44,-18.4192,36.9480
43.4502,45,-18.4291,36.9475
44.4995,0,-12.3102,37.0715
44.4995,1,-12.8098,37.0520
44.4995,2,-13.3095,37.0362
44.4995,3,-13.8093,37.0239
44.4995,4,-14.3092,37.0152
44.4995,5,-14.8091,37.0079
44.4995,6,-15.3091,37.0019
44.4995,7,-15.8090,36.9968
44.4995,8,-16.3090,36.9916
44.4995,9,-16.8090,36.9858
44.4995,10,-17.3089,36.9787
44.4995,11,-17.8088,36.9700
44.4995,12,-18.3087,36.9586
44.4995,13,-18.8085,36.9445
44.4995,14,-19.3082,36.9269
44.4995,15,-19.8077,36.9048
44.4995,16,-20.3070,36.8787
44.4995,17,-20.8060,36.8466
44.4995,18,-21.3045,36.8086
44.4995,19,-21.8026,36.7651
44.4995,20,-22.2998,36.7125
44.4995,21,-22.7962,36.6531
44.4995,22,-23.2916,36.5850
44.4995,23,-23.7853,36.5066
44.4995,24,-24.2776,36.4194
44.4995,25,-24.7675,36.3194
44.4995,26,-25.2550,36.2084
44.4995,27,-25.7397,36.0858
44.4995,28,-26.2199,35.9468
44.4995,29,-26.6963,35.7952
44.4995,30,-27.1673,35.6276
44.4995,31,-27.6306,35.4398
44.4995,32,-28.0867,35.2353
44.4995,33,-28.5347,35.0133
44.4995,34,-28.9719,34.7710
44.4995,35,-29.3983,34.5103
44.4995,36,-29.8092,34.2258
44.4995,37,-30.2006,33.9152
44.4995,38,-30.5726,33.5820
44.4995,39,-30.9234,33.2265
44.4995,40,-31.2628,32.8596
44.4995,41,-31.5846,32.4776
44.4995,42,-31.8806,32.0749
44.4995,43,-32.1624,31.6624
44.4995,44,-32.3393,31.3781
44.4995,45,-32.4381,31.2043
44.4995,46,-32.5211,31.0550
45.5496,0,-23.4051,36.6345
45.5496,1,-23.9034,36.5943
45.5496,2,-24.3996,36.5353
45.5496,3,-24.8930,36.4557
45.5496,4,-25.3824,36.3534
45.5496,5,-25.8666,36.2293
45.5496,6,-26.3450,36.0847
45.5496,7,-26.8170,35.9201
45.5496,8,-27.2804,35.7324
45.5496,9,-27.7351,35.5249
45.5496,10,-28.1806,35.2982
45.5496,11,-28.6157,35.0520
45.5496,12,-29.0387,34.7855
45.5496,13,-29.4496,34.5010
45.5496,14,-29.8481,34.1993
45.5496,15,-30.2323,33.8793
45.5496,16,-30.6018,33.5427
45.5496,17,-30.9568,33.1908
45.5496,18,-31.2969,32.8244
45.5496,19,-31.6192,32.4422
45.5496,20,-31.9259,32.0476
45.5496,21,-32.2168,31.6410
45.5496,22,-32.4899,31.2223
45.5496,23,-32.7455,30.7927
45.5496,24,-32.9846,30.3537
45.5496,25,-33.2070,29.9060
45.5496,26,-33.4102,29.4492
45.5496,27,-33.5983,28.9861
45.5496,28,-33.7711,28.5170
45.5496,29,-33.9276,28.0421
45.5496,30,-34.0695,27.5628
45.5496,31,-34.1977,27.0796
45.5496,32,-34.3122,26.5929
45.5496,33,-34.4129,26.1032
45.5496,34,-34.5014,25.6112
45.5496,35,-34.5782,25.1171
45.5496,36,-34.6421,24.6212
45.5496,37,-34.6951,24.1241
45.5496,38,-34.7376,23.6260
45.5496,39,-34.7694,23.1270
45.5496,40,-34.7941,22.6276
45.5496,41,-34.8102,22.1279
45.5496,42,-34.8143,21.6280
45.5496,43,-34.8097,21.1282
45.5496,44,-34.7989,20.6284
45.5496,45,-34.7781,20.1811
45.5496,46,-34.7742,19.9812
45.5496,47,-34.7689,19.7813
45.5496,48,-34.7642,19.6319
46.5506,0,-29.7405,34.1807
46.5506,1,-30.1388,33.8785
46.5506,2,-30.5240,33.5600
46.5506,3,-30.8928,33.2225
46.5506,4,-31.2431,32.8659
46.5506,5,-31.5771,32.4939
46.5506,6,-31.8926,32.1063
46.5506,7,-32.1894,31.7039
46.5506,8,-32.4670,31.2882
46.5506,9,-32.7267,30.8610
46.5506,10,-32.9687,30.4236
46.5506,11,-33.1905,29.9755
46.5506,12,-33.3961,29.5199
46.5506,13,-33.5848,29.0569
46.5506,14,-33.7567,28.5874
46.5506,15,-33.9130,28.1125
46.5506,16,-34.0541,27.6329
46.5506,17,-34.1815,27.1495
46.5506,18,-34.2945,26.6624
46.5506,19,-34.3946,26.1726
46.5506,20,-34.4837,25.6806
46.5506,21,-34.5597,25.1864
46.5506,22,-34.6249,24.6907
46.5506,23,-34.6809,24.1939
46.5506,24,-34.7259,23.6959
46.5506,25,-34.7616,23.1972
46.5506,26,-34.7896,22.6980
46.5506,27,-34.8085,22.1984
46.5506,28,-34.8192,21.6985
46.5506,29,-34.8237,21.1986
46.5506,30,-34.8204,20.6986
46.5506,31,-34.8103,20.1987
46.5506,32,-34.7948,19.6989
46.5506,33,-34.7729,19.1994
46.5506,34,-34.7453,18.7002
46.5506,35,-34.7132,18.2012
46.5506,36,-34.6760,17.7026
46.5506,37,-34.6338,17.2044
46.5506,38,-34.5880,16.7065
46.5506,39,-34.5383,16.2090
46.5506,40,-34.4846,15.7119
46.5506,41,-34.4281,15.2151
46.5506,42,-34.3810,14.8136
47.5992,0,-33.7233,28.0189
47.5992,1,-33.8711,27.5412
47.5992,2,-34.0094,27.0608
47.5992,3,-34.1372,26.5774
47.5992,4,-34.2539,26.0912
47.5992,5,-34.3611,25.6028
47.5992,6,-34.4581,25.1124
47.5992,7,-34.5444,24.6199
47.5992,8,-34.6213,24.1258
47.5992,9,-34.6884,23.6304
47.5992,10,-34.7453,23.1336
47.5992,11,-34.7928,22.6359
47.5992,12,-34.8310,22.1374
47.5992,13,-34.8595,21.6382
47.5992,14,-34.8787,21.1386
47.5992,15,-34.8890,20.6387
47.5992,16,-34.8903,20.1387
47.5992,17,-34.8823,19.6388
47.5992,18,-34.8661,19.1391
47.5992,19,-34.8412,18.6397
47.5992,20,-34.8074,18.1408
47.5992,21,-34.7657,17.6426
47.5992,22,-34.7159,17.1451
47.5992,23,-34.6573,16.6485
47.5992,24,-34.5910,16.1530
47.5992,25,-34.5173,15.6584
47.5992,26,-34.4348,15.1653
47.5992,27,-34.3449,14.6735
47.5992,28,-34.2480,14.1829
47.5992,29,-34.1424,13.6942
47.5992,30,-34.0295,13.2071
47.5992,31,-33.9102,12.7216
47.5992,32,-33.7821,12.2383
47.5992,33,-33.6470,11.7569
47.5992,34,-33.5056,11.2773
47.5992,35,-33.3552,10.8005
47.5992,36,-33.1975,10.3260
47.5992,37,-33.0336,9.8536
47.5992,38,-32.8608,9.3844
47.5992,39,-32.6807,8.9180
47.5992,40,-32.4947,8.4539
47.5992,41,-32.3008,7.9930
47.5992,42,-32.1004,7.5350
47.5992,43,-31.9612,7.2235
48.5994,0,-34.7765,18.1885
48.5994,1,-34.7471,17.6894
48.5994,2,-34.7110,17.1907
48.5994,3,-34.6673,16.6926
48.5994,4,-34.6140,16.1955
48.5994,5,-34.5537,15.6992
48.5994,6,-34.4848,15.2040
48.5994,7,-34.4073,14.7100
48.5994,8,-34.3224,14.2173
48.5994,9,-34.2267,13.7266
48.5994,10,-34.1239,13.2373
48.5994,11,-34.0115,12.7501
48.5994,12,-33.8890,12.2654
48.5994,13,-33.7590,11.7826
48.5994,14,-33.6169,11.3032
48.5994,15,-33.4655,10.8267
48.5994,16,-33.3045,10.3534
48.5994,17,-33.1315,9.8844
48.5994,18,-32.9487,9.4190
48.5994,19,-32.7530,8.9589
48.5994,20,-32.5465,8.5036
48.5994,21,-32.3287,8.0536
48.5994,22,-32.0956,7.6113
48.5994,23,-31.8519,7.1748
48.5994,24,-31.5945,6.7462
48.5994,25,-31.3222,6.3270
48.5994,26,-31.0378,5.9158
48.5994,27,-30.7378,5.5159
48.5994,28,-30.4236,5.1271
48.5994,29,-30.0963,4.7492
48.5994,30,-29.7514,4.3873
48.5994,31,-29.3940,4.0379
48.5994,32,-29.0223,3.7037
48.5994,33,-28.6337,3.3892
48.5994,34,-28.2334,3.0899
48.5994,35,-27.8200,2.8087
48.5994,36,-27.3926,2.5496
48.5994,37,-26.9550,2.3082
48.5994,38,-26.5059,2.0886
48.5994,39,-26.0465,1.8918
48.5994,40,-25.5776,1.7191
48.5994,41,-25.0978,1.5792
48.5994,42,-24.6139,1.4545
48.5994,43,-24.1247,1.3523
48.5994,44,-23.6313,1.2727
48.5994,45,-23.1362,1.2114
48.5994,46,-22.9370,1.1939
48.5994,47,-22.7635,1.1796
49.5996,0,-33.0156,9.3866
49.5996,1,-32.8572,8.9124
49.5996,2,-32.6836,8.4437
49.5996,3,-32.4884,7.9835
49.5996,4,-32.2727,7.5327
49.5996,5,-32.0383,7.0912
49.5996,6,-31.7787,6.6640
49.5996,7,-31.5013,6.2482
49.5996,8,-31.2057,5.8451
49.5996,9,-30.8866,5.4603
49.5996,10,-30.5517,5.0893
49.5996,11,-30.2012,4.7329
49.5996,12,-29.8314,4.3965
49.5996,13,-29.4486,4.0751
49.5996,14,-29.0534,3.7690
49.5996,15,-28.6436,3.4826
49.5996,16,-28.2240,3.2109
49.5996,17,-27.7952,2.9539
49.5996,18,-27.3558,2.7154
49.5996,19,-26.9096,2.4901
49.5996,20,-26.4568,2.2781
49.5996,21,-25.9966,2.0828
49.5996,22,-25.5317,1.8988
49.5996,23,-25.0623,1.7268
49.5996,24,-24.5880,1.5687
49.5996,25,-24.1105,1.4203
49.5996,26,-23.6298,1.2828
49.5996,27,-23.1462,1.1560
49.5996,28,-22.6605,1.0376
49.5996,29,-22.1724,0.9291
49.5996,30,-21.6827,0.8284
49.5996,31,-21.1915,0.7349
49.5996,32,-20.6988,0.6501
49.5996,33,-20.2050,0.5712
49.5996,34,-19.7104,0.4985
49.5996,35,-19.2148,0.4324
49.5996,36,-18.7185,0.3711
49.5996,37,-18.2217,0.3149
49.5996,38,-17.7244,0.2632
49.5996,39,-17.2267,0.2152
49.5996,40,-16.7287,0.1712
49.5996,41,-16.2303,0.1303
49.5996,42,-15.7318,0.0922
49.5996,43,-15.2331,0.0562
49.5996,44,-14.7342,0.0225
49.5996,45,-14.4038,0.0011
50.6496,0,-29.1344,3.9874
50.6496,1,-28.9988,3.6481
50.6496,2,-28.6173,3.3315
50.6496,3,-28.1953,3.0646
50.6496,4,-27.7580,2.8226
50.6496,5,-27.3090,2.6034
50.6496,6,-26.8537,2.3973
50.6496,7,-26.3920,2.2055
50.6496,8,-25.9266,2.0231
50.6496,9,-25.4569,1.8517
50.6496,10,-24.9836,1.6904
50.6496,11,-24.5076,1.5377
50.6496,12,-24.0279,1.3966
50.6496,13,-23.5459,1.2640
50.6496,14,-23.0614,1.1405
50.6496,15,-22.5745,1.0271
50.6496,16,-22.0857,0.9220
50.6496,17,-21.5953,0.8245
50.6496,18,-21.1032,0.7362
50.6496,19,-20.6098,0.6550
50.6496,20,-20.1155,0.5801
50.6496,21,-19.6203,0.5109
50.6496,22,-19.1243,0.4477
50.6496,23,-18.6279,0.3885
50.6496,24,-18.1310,0.3326
50.6496,25,-17.6338,0.2798
50.6496,26,-17.1363,0.2299
50.6496,27,-16.6386,0.1824
50.6496,28,-16.1407,0.1371
50.6496,29,-15.6425,0.0946
50.6496,30,-15.1442,0.0541
50.6496,31,-14.6457,0.0154
50.6496,32,-14.1470,-0.0210
50.6496,33,-13.6483,-0.0556
50.6496,34,-13.1494,-0.0887
50.6496,35,-12.6504,-0.1198
50.6496,36,-12.1513,-0.1494
50.6496,37,-11.6521,-0.1779
50.6496,38,-11.1528,-0.2047
50.6496,39,-10.6534,-0.2294
50.6496,40,-10.1539,-0.2518
50.6496,41,-9.6543,-0.2719
50.6496,42,-9.1547,-0.2904
50.6496,43,-8.6550,-0.3075
50.6496,44,-8.1552,-0.3231
50.6496,45,-7.6554,-0.3364
50.6496,46,-7.1555,-0.3436
50.6496,47,-6.8874,-0.3439
50.6496,48,-6.6874,-0.3414
50.6496,49,-6.6325,-0.3407
51.6997,0,-22.1882,1.1038
51.6997,1,-21.7007,0.9925
51.6997,2,-21.2120,0.8868
51.6997,3,-20.7221,0.7868
51.6997,4,-20.2312,0.6923
51.6997,5,-19.7390,0.6039
51.6997,6,-19.2460,0.5205
51.6997,7,-18.7522,0.4421
51.6997,8,-18.2576,0.3688
51.6997,9,-17.7623,0.3005
51.6997,10,-17.2664,0.2367
51.6997,11,-16.7700,0.1770
51.6997,12,-16.2730,0.1221
51.6997,13,-15.7756,0.0713
51.6997,14,-15.2779,0.0241
51.6997,15,-14.7798,-0.0191
51.6997,16,-14.2813,-0.0586
51.6997,17,-13.7826,-0.0947
51.6997,18,-13.2837,-0.1278
51.6997,19,-12.7846,-0.1573
51.6997,20,-12.2853,-0.1839
51.6997,21,-11.7859,-0.2078
51.6997,22,-11.2863,-0.2289
51.6997,23,-10.7867,-0.2474
51.6997,24,-10.2870,-0.2637
51.6997,25,-9.7871,-0.2777
51.6997,26,-9.2873,-0.2894
51.6997,27,-8.7874,-0.2994
51.6997,28,-8.2875,-0.3076
51.6997,29,-7.7875,-0.3139
51.6997,30,-7.2875,-0.3188
51.6997,31,-6.7875,-0.3224
51.6997,32,-6.2875,-0.3246
51.6997,33,-5.7875,-0.3257
51.6997,34,-5.2875,-0.3260
51.6997,35,-4.7875,-0.3254
51.6997,36,-4.2876,-0.3240
51.6997,37,-3.7876,-0.3222
51.6997,38,-3.2876,-0.3199
51.6997,39,-2.7876,-0.3173
51.6997,40,-2.2876,-0.3138
51.6997,41,-1.7877,-0.3058
51.6997,42,-1.2878,-0.2967
51.6997,43,-0.7879,-0.2876
51.6997,44,-0.5363,-0.2827
51.6997,45,-0.3364,-0.2785
51.6997,46,-0.1364,-0.2741
51.6997,47,0.0635,-0.2697
51.6997,48,0.2635,-0.2653
51.6997,49,0.2654,-0.2653
52.7492,0,-11.8406,-0.1906
52.7492,1,-11.3412,-0.2153
52.7492,2,-10.8418,-0.2378
52.7492,3,-10.3422,-0.2580
52.7492,4,-9.8425,-0.2758
52.7492,5,-9.3427,-0.2915
52.7492,6,-8.8429,-0.3051
52.7492,7,-8.3431,-0.3166
52.7492,8,-7.8431,-0.3261
52.7492,9,-7.3432,-0.3336
52.7492,10,-6.8432,-0.3394
52.7492,11,-6.3432,-0.3432
52.7492,12,-5.8433,-0.3452
52.7492,13,-5.3433,-0.3457
52.7492,14,-4.8433,-0.3444
52.7492,15,-4.3433,-0.3415
52.7492,16,-3.8433,-0.3373
52.7492,17,-3.3433,-0.3314
52.7492,18,-2.8434,-0.3241
52.7492,19,-2.3434,-0.3157
52.7492,20,-1.8435,-0.3059
52.7492,21,-1.3437,-0.2948
52.7492,22,-0.8438,-0.2827
52.7492,23,-0.3440,-0.2695
52.7492,24,0.1558,-0.2552
52.7492,25,0.6556,-0.2400
52.7492,26,1.1553,-0.2239
52.7492,27,1.6550,-0.2069
52.7492,28,2.1547,-0.1892
52.7492,29,2.6544,-0.1708
52.7492,30,3.1540,-0.1516
52.7492,31,3.6536,-0.1319
52.7492,32,4.1532,-0.1118
52.7492,33,4.6528,-0.0911
52.7492,34,5.1523,-0.0699
52.7492,35,5.6519,-0.0485
52.7492,36,6.1514,-0.0269
52.7492,37,6.6509,-0.0050
52.7492,38,7.1505,0.0171
52.7492,39,7.6500,0.0392
52.7492,40,8.1495,0.0613
52.7492,41,8.6490,0.0834
52.7492,42,9.1229,0.1043
52.7492,43,9.1455,0.1053
53.7498,0,1.4051,-0.2295
53.7498,1,1.9048,-0.2134
53.7498,2,2.4045,-0.1968
53.7498,3,2.9042,-0.1794
53.7498,4,3.4039,-0.1614
53.7498,5,3.9035,-0.1426
53.7498,6,4.4032,-0.1230
53.7498,7,4.9027,-0.1026
53.7498,8,5.4023,-0.0811
53.7498,9,5.9018,-0.0588
53.7498,10,6.4012,-0.0355
53.7498,11,6.9006,-0.0112
53.7498,12,7.4000,0.0143
53.7498,13,7.8993,0.0409
53.7498,14,8.3985,0.0685
53.7498,15,8.8977,0.0976
53.7498,16,9.3968,0.1279
53.7498,17,9.8958,0.1594
53.7498,18,10.3947,0.1924
53.7498,19,10.8935,0.2268
53.7498,20,11.3922,0.2626
53.7498,21,11.8908,0.2999
53.7498,22,12.3893,0.3389
53.7498,23,12.8876,0.3795
53.7498,24,13.3859,0.4215
53.7498,25,13.8839,0.4654
53.7498,26,14.3818,0.5112
53.7498,27,14.8796,0.5586
53.7498,28,15.3772,0.6077
53.7498,29,15.8745,0.6590
53.7498,30,16.3717,0.7121
53.7498,31,16.8687,0.7671
53.7498,32,17.3654,0.8242
53.7498,33,17.8618,0.8836
53.7498,34,18.3581,0.9450
53.7498,35,18.8540,1.0085
53.7498,36,19.3496,1.0744
53.7498,37,19.8450,1.1425
53.7498,38,20.3400,1.2128
53.7498,39,20.8347,1.2851
53.7498,40,21.3294,1.3577
53.7498,41,21.8237,1.4330
53.7498,42,22.3174,1.5122
53.7498,43,22.6812,1.5721
53.7498,44,22.8787,1.6037
53.7498,45,23.0761,1.6360
53.7498,46,23.2733,1.6693
53.7498,47,23.4704,1.7035
53.7498,48,23.5911,1.7246
54.7993,0,15.7868,0.6346
54.7993,1,16.2827,0.6979
54.7993,2,16.7787,0.7617
54.7993,3,17.2745,0.8260
54.7993,4,17.7703,0.8908
54.7993,5,18.2660,0.9561
54.7993,6,18.7616,1.0221
54.7993,7,19.2572,1.0887
54.7993,8,19.7526,1.1559
54.7993,9,20.2480,1.2239
54.7993,10,20.7432,1.2926
54.7993,11,21.2384,1.3621
54.7993,12,21.7334,1.4324
54.7993,13,22.2283,1.5036
54.7993,14,22.7231,1.5757
54.7993,15,23.2178,1.6486
54.7993,16,23.7123,1.7226
54.7993,17,24.2066,1.7975
54.7993,18,24.7008,1.8734
54.7993,19,25.1948,1.9505
54.7993,20,25.6887,2.0286
54.7993,21,26.1824,2.1079
54.7993,22,26.6759,2.1883
54.7993,23,27.1691,2.2700
54.7993,24,27.6622,2.3529
54.7993,25,28.1551,2.4369
54.7993,26,28.6477,2.5225
54.7993,27,29.1401,2.6094
54.7993,28,29.6323,2.6975
54.7993,29,30.1242,2.7873
54.7993,30,30.6158,2.8784
54.7993,31,31.1072,2.9709
54.7993,32,31.5982,3.0652
54.7993,33,32.0889,3.1610
54.7993,34,32.5794,3.2581
54.7993,35,33.0694,3.3575
54.7993,36,33.5591,3.4587
54.7993,37,34.0484,3.5614
54.7993,38,34.5372,3.6665
54.7993,39,35.0258,3.7730
54.7993,40,35.5139,3.8813
54.7993,41,36.0015,3.9920
54.7993,42,36.4887,4.1045
54.7993,43,36.7316,4.1614
55.7996,0,29.3350,2.6342
55.7996,1,29.8266,2.7258
55.7996,2,30.3178,2.8189
55.7996,3,30.8088,2.9133
55.7996,4,31.2995,3.0094
55.7996,5,31.7898,3.1074
55.7996,6,32.2798,3.2070
55.7996,7,32.7694,3.3082
55.7996,8,33.2587,3.4113
55.7996,9,33.7475,3.5164
55.7996,10,34.2359,3.6233
55.7996,11,34.7240,3.7319
55.7996,12,35.2115,3.8427
55.7996,13,35.6987,3.9555
55.7996,14,36.1853,4.0700
55.7996,15,36.6716,4.1866
55.7996,16,37.1572,4.3055
55.7996,17,37.6424,4.4263
55.7996,18,38.1271,4.5490
55.7996,19,38.6112,4.6740
55.7996,20,39.0948,4.8011
55.7996,21,39.5779,4.9301
55.7996,22,40.0603,5.0614
55.7996,23,40.5422,5.1949
55.7996,24,41.0234,5.3306
55.7996,25,41.5038,5.4690
55.7996,26,41.9829,5.6121
55.7996,27,42.4604,5.7601
55.7996,28,42.9359,5.9145
55.7996,29,43.4083,6.0782
55.7996,30,43.8775,6.2509
55.7996,31,44.3425,6.4346
55.7996,32,44.8018,6.6321
55.7996,33,45.2539,6.8456
55.7996,34,45.6978,7.0753
55.7996,35,46.1314,7.3240
55.7996,36,46.5524,7.5938
55.7996,37,46.9567,7.8874
55.7996,38,47.3418,8.2052
55.7996,39,47.6886,8.5646
55.7996,40,47.9775,8.9711
55.7996,41,48.2015,9.4160
55.7996,42,48.3729,9.8831
55.7996,43,48.5283,10.3568
55.7996,44,48.6116,10.8011
55.7996,45,48.6466,10.9980
55.7996,46,48.6672,11.1966
55.7996,47,48.6784,11.3878
56.8498,0,40.2066,5.1774
56.8498,1,40.6553,5.3809
56.8498,2,41.0944,5.5936
56.8498,3,41.5588,5.7619
56.8498,4,42.0391,5.8983
56.8498,5,42.5256,6.0108
56.8498,6,43.0120,6.1195
56.8498,7,43.4977,6.2281
56.8498,8,43.9813,6.3457
56.8498,9,44.4615,6.4736
56.8498,10,44.9350,6.6294
56.8498,11,45.4007,6.8063
56.8498,12,45.8533,7.0169
56.8498,13,46.2864,7.2659
56.8498,14,46.6988,7.5473
56.8498,15,47.0830,7.8668
56.8498,16,47.4288,8.2274
56.8498,17,47.7373,8.6199
56.8498,18,48.0060,9.0407
56.8498,19,48.2326,9.4862
56.8498,20,48.4214,9.9491
56.8498,21,48.5811,10.4227
56.8498,22,48.7138,10.9046
56.8498,23,48.8238,11.3923
56.8498,24,48.9157,11.8837
56.8498,25,48.9933,12.3775
56.8498,26,49.0592,12.8730
56.8498,27,49.1143,13.3699
56.8498,28,49.1612,13.8675
56.8498,29,49.2013,14.3658
56.8498,30,49.2348,14.8646
56.8498,31,49.2642,15.3637
56.8498,32,49.2908,15.8630
56.8498,33,49.3154,16.3624
56.8498,34,49.3391,16.8618
56.8498,35,49.3617,17.3613
56.8498,36,49.3824,17.8608
56.8498,37,49.4001,18.3604
56.8498,38,49.4146,18.8602
56.8498,39,49.4255,19.3600
56.8498,40,49.4322,19.8600
56.8498,41,49.4373,20.3600
56.8498,42,49.4436,20.8599
56.8498,43,49.4559,21.3597
56.8498,44,49.4719,21.7892
56.8498,45,49.4753,21.9892
56.8498,46,49.4802,22.1891
56.8498,47,49.4867,22.3890
56.8498,48,49.4948,22.5888
56.8498,49,49.5048,22.7886
56.8498,50,49.5056,22.8057
57.8499,0,46.4099,7.5202
57.8499,1,46.8210,7.8042
57.8499,2,47.2043,8.1234
57.8499,3,47.5510,8.4823
57.8499,4,47.8523,8.8811
57.8499,5,48.1158,9.3051
57.8499,6,48.3409,9.7509
57.8499,7,48.5284,10.2142
57.8499,8,48.6830,10.6894
57.8499,9,48.8119,11.1723
57.8499,10,48.9175,11.6609
57.8499,11,49.0023,12.1536
57.8499,12,49.0726,12.6486
57.8499,13,49.1296,13.1453
57.8499,14,49.1750,13.6432
57.8499,15,49.2119,14.1418
57.8499,16,49.2412,14.6409
57.8499,17,49.2650,15.1404
57.8499,18,49.2851,15.6400
57.8499,19,49.3027,16.1396
57.8499,20,49.3196,16.6394
57.8499,21,49.3361,17.1391
57.8499,22,49.3524,17.6388
57.8499,23,49.3684,18.1386
57.8499,24,49.3841,18.6383
57.8499,25,49.3993,19.1381
57.8499,26,49.4138,19.6379
57.8499,27,49.4277,20.1377
57.8499,28,49.4408,20.6375
57.8499,29,49.4529,21.1374
57.8499,30,49.4640,21.6372
57.8499,31,49.4740,22.1371
57.8499,32,49.4826,22.6371
57.8499,33,49.4900,23.1370
57.8499,34,49.4958,23.6370
57.8499,35,49.5000,24.1370
57.8499,36,49.5027,24.6369
57.8499,37,49.5036,25.1369
57.8499,38,49.5025,25.6369
57.8499,39,49.4997,26.1369
57.8499,40,49.4947,26.6369
57.8499,41,49.4876,27.1369
57.8499,42,49.4785,27.6368
57.8499,43,49.4673,28.1366
57.8499,44,49.4636,28.2985
58.8512,0,48.9206,13.2198
58.8512,1,49.0044,13.7126
58.8512,2,49.0733,14.2078
58.8512,3,49.1325,14.7042
58.8512,4,49.1832,15.2015
58.8512,5,49.2291,15.6993
58.8512,6,49.2700,16.1976
58.8512,7,49.3071,16.6961
58.8512,8,49.3413,17.1949
58.8512,9,49.3715,17.6939
58.8512,10,49.3992,18.1931
58.8512,11,49.4240,18.6925
58.8512,12,49.4455,19.1920
58.8512,13,49.4647,19.6916
58.8512,14,49.4810,20.1913
58.8512,15,49.4946,20.6911
58.8512,16,49.5062,21.1910
58.8512,17,49.5147,21.6909
58.8512,18,49.5211,22.1909
58.8512,19,49.5255,22.6909
58.8512,20,49.5273,23.1909
58.8512,21,49.5272,23.6908
58.8512,22,49.5250,24.1908
58.8512,23,49.5208,24.6908
58.8512,24,49.5152,25.1908
58.8512,25,49.5075,25.6907
58.8512,26,49.4986,26.1907
58.8512,27,49.4885,26.6905
58.8512,28,49.4770,27.1904
58.8512,29,49.4647,27.6903
58.8512,30,49.4514,28.1901
58.8512,31,49.4374,28.6899
58.8512,32,49.4229,29.1897
58.8512,33,49.4079,29.6894
58.8512,34,49.3926,30.1892
58.8512,35,49.3771,30.6890
58.8512,36,49.3616,31.1887
58.8512,37,49.3460,31.6885
58.8512,38,49.3301,32.1882
58.8512,39,49.3138,32.6879
58.8512,40,49.2976,33.1877
58.8512,41,49.2821,33.6874
58.8512,42,49.2669,34.1872
58.8512,43,49.2513,34.6870
58.8512,44,49.2349,35.1867
58.8512,45,49.2186,35.6864
58.8512,46,49.2124,35.9433
58.8512,47,49.2116,35.9861
59.8997,0,49.5223,24.6646
59.8997,1,49.5153,25.1645
59.8997,2,49.5077,25.6645
59.8997,3,49.4995,26.1644
59.8997,4,49.4905,26.6643
59.8997,5,49.4809,27.1642
59.8997,6,49.4706,27.6641
59.8997,7,49.4597,28.1640
59.8997,8,49.4480,28.6639
59.8997,9,49.4357,29.1637
59.8997,10,49.4227,29.6635
59.8997,11,49.4090,30.1634
59.8997,12,49.3946,30.6632
59.8997,13,49.3796,31.1629
59.8997,14,49.3640,31.6627
59.8997,15,49.3476,32.1624
59.8997,16,49.3306,32.6621
59.8997,17,49.3129,33.1618
59.8997,18,49.2945,33.6615
59.8997,19,49.2755,34.1611
59.8997,20,49.2558,34.6607
59.8997,21,49.2355,35.1603
59.8997,22,49.2145,35.6599
59.8997,23,49.1928,36.1594
59.8997,24,49.1705,36.6589
59.8997,25,49.1476,37.1584
59.8997,26,49.1239,37.6578
59.8997,27,49.0996,38.1572
59.8997,28,49.0747,38.6566
59.8997,29,49.0491,39.1559
59.8997,30,49.0229,39.6553
59.8997,31,48.9960,40.1545
59.8997,32,48.9684,40.6538
59.8997,33,48.9402,41.1530
59.8997,34,48.9112,41.6521
59.8997,35,48.8817,42.1513
59.8997,36,48.8515,42.6504
59.8997,37,48.8206,43.1494
59.8997,38,48.7891,43.6484
59.8997,39,48.7569,44.1474
59.8997,40,48.7238,44.6463
59.8997,41,48.6894,45.1451
59.8997,42,48.6537,45.6438
59.8997,43,48.6301,45.9706
59.8997,44,48.6158,46.1701
59.8997,45,48.6012,46.3696
59.8997,46,48.5865,46.5690
59.8997,47,48.5713,46.7685
59.8997,48,48.5653,46.8477
