# x,y,psi,v_target -- minimum-time racing line exported by tuner.raceline_optimizer from a cone_recorder map.
# source_map=/home/Formula-Student-Driverless-Simulator/cone_map.json
# centreline_lap_time_s=38.372 raceline_lap_time_s=36.966 improvement_pct=3.66
x,y,psi,v_target
1.7619,-0.1343,0.00542,16.7000
2.2271,-0.1318,0.00797,16.7000
2.6922,-0.1269,0.01286,16.7000
3.1572,-0.1199,0.01731,16.7000
3.6223,-0.1108,0.02139,16.7000
4.0873,-0.1000,0.02521,16.7000
4.5522,-0.0874,0.02890,16.7000
5.0171,-0.0731,0.03253,16.7000
5.4820,-0.0571,0.03611,16.7000
5.9468,-0.0395,0.03967,16.7000
6.4115,-0.0202,0.04321,16.7000
6.8762,0.0007,0.04672,16.7000
7.3408,0.0232,0.05022,16.7000
7.8053,0.0474,0.05369,16.7000
8.2697,0.0731,0.05714,16.7000
8.7340,0.1005,0.06058,16.7000
9.1983,0.1295,0.06398,16.7000
9.6624,0.1600,0.06737,16.7000
10.1265,0.1921,0.07073,16.7000
10.5904,0.2257,0.07407,16.7000
11.0542,0.2609,0.07738,16.7000
11.5180,0.2977,0.08067,16.7000
11.9815,0.3359,0.08392,16.7000
12.4450,0.3756,0.08716,16.7000
12.9084,0.4169,0.09036,16.7000
13.3716,0.4596,0.09354,16.7000
13.8346,0.5038,0.09669,16.7000
14.2976,0.5494,0.09981,16.7000
14.7604,0.5965,0.10290,16.7000
15.2230,0.6450,0.10597,16.7000
15.6855,0.6949,0.10901,16.7000
16.1479,0.7462,0.11203,16.7000
16.6100,0.7989,0.11502,16.7000
17.0721,0.8530,0.11799,16.7000
17.5340,0.9084,0.12093,16.7000
17.9957,0.9652,0.12384,16.7000
18.4572,1.0233,0.12673,16.7000
18.9186,1.0828,0.12960,16.7000
19.3798,1.1436,0.13244,16.7000
19.8409,1.2057,0.13526,16.7000
20.3017,1.2690,0.13806,16.7000
20.7624,1.3337,0.14084,16.7000
21.2229,1.3997,0.14359,16.7000
21.6833,1.4669,0.14632,16.7000
22.1434,1.5353,0.14903,16.7000
22.6034,1.6050,0.15172,16.7000
23.0631,1.6759,0.15438,16.7000
23.5227,1.7481,0.15702,16.7000
23.9821,1.8214,0.15964,16.7000
24.4413,1.8960,0.16224,16.7000
24.9003,1.9717,0.16481,16.7000
25.3592,2.0486,0.16736,16.7000
25.8178,2.1267,0.16988,16.7000
26.2762,2.2059,0.17237,16.7000
26.7344,2.2863,0.17484,16.7000
27.1925,2.3678,0.17727,16.7000
27.6503,2.4504,0.17967,16.7000
28.1080,2.5341,0.18203,16.7000
28.5654,2.6188,0.18436,16.7000
29.0226,2.7046,0.18665,16.7000
29.4797,2.7915,0.18889,16.7000
29.9366,2.8794,0.19110,16.7000
30.3932,2.9682,0.19328,16.7000
30.8497,3.0581,0.19544,16.7000
31.3060,3.1489,0.19759,16.5167
31.7621,3.2407,0.19976,16.3183
32.2180,3.3336,0.20194,16.1175
32.6737,3.4274,0.20407,15.9142
33.1292,3.5221,0.20617,15.7082
33.5845,3.6179,0.20827,15.4994
34.0397,3.7145,0.21043,15.2879
34.4946,3.8122,0.21270,15.0733
34.9493,3.9110,0.21515,14.8557
35.4037,4.0109,0.21785,14.6348
35.8579,4.1121,0.22088,14.4105
36.3117,4.2148,0.22433,14.1827
36.7652,4.3192,0.22830,13.9511
37.2183,4.4254,0.23291,13.7156
37.6709,4.5340,0.23823,13.4760
38.1229,4.6451,0.24431,13.2320
38.5744,4.7592,0.25111,12.9833
39.0252,4.8766,0.25850,12.7297
39.4752,4.9974,0.26691,12.4708
39.9240,5.1223,0.27760,12.2065
40.3710,5.2527,0.29121,11.9365
40.8155,5.3896,0.30756,11.6606
41.2568,5.5340,0.32651,11.3784
41.6941,5.6871,0.34806,11.0897
42.1263,5.8495,0.37224,10.7943
42.5525,6.0222,0.39907,10.4919
42.9712,6.2058,0.42858,10.1823
43.3809,6.4007,0.46078,9.8654
43.7802,6.6074,0.49565,9.5411
44.1671,6.8258,0.53315,9.2093
44.5401,7.0559,0.57327,8.8700
44.8972,7.2972,0.61600,8.5231
45.2371,7.5493,0.66146,8.1783
45.5585,7.8119,0.71000,7.8230
45.8607,8.0852,0.76228,7.5271
46.1443,8.3712,0.81727,7.4633
46.4125,8.6734,0.87092,7.6630
46.6681,8.9933,0.92118,7.9523
46.9118,9.3307,0.96886,8.2173
47.1433,9.6850,1.01442,8.4702
47.3622,10.0550,1.05805,8.7253
47.5681,10.4395,1.09975,8.9926
47.7604,10.8369,1.13945,9.2782
47.9391,11.2456,1.17708,9.5863
48.1040,11.6641,1.21257,9.9206
48.2556,12.0910,1.24588,10.2851
48.3940,12.5250,1.27699,10.6841
48.5200,12.9650,1.30588,11.1863
48.6341,13.4098,1.33257,11.6686
48.7371,13.8588,1.35703,12.1330
48.8297,14.3110,1.37923,12.5814
48.9130,14.7660,1.39913,13.0150
48.9878,15.2230,1.41711,13.4352
49.0548,15.6815,1.43379,13.8429
49.1144,16.1413,1.44936,14.2392
49.1672,16.6021,1.46373,14.6248
49.2136,17.0638,1.47689,15.0007
49.2542,17.5263,1.48888,15.3676
49.2896,17.9893,1.49976,15.7261
49.3201,18.4528,1.50961,16.0766
49.3464,18.9168,1.51851,16.4198
49.3687,19.3811,1.52651,16.7000
49.3875,19.8456,1.53369,16.7000
49.4032,20.3104,1.54010,16.7000
49.4161,20.7753,1.54578,16.7000
49.4265,21.2403,1.55073,16.7000
49.4347,21.7055,1.55495,16.7000
49.4412,22.1707,1.55850,16.7000
49.4462,22.6359,1.56169,16.7000
49.4497,23.1012,1.56473,16.7000
49.4518,23.5665,1.56760,16.7000
49.4527,24.0317,1.57029,16.7000
49.4523,24.4970,1.57278,16.7000
49.4508,24.9623,1.57511,16.7000
49.4483,25.4275,1.57728,16.7000
49.4448,25.8928,1.57932,16.7000
49.4404,26.3581,1.58125,16.7000
49.4351,26.8233,1.58308,16.7000
49.4289,27.2886,1.58483,16.7000
49.4220,27.7538,1.58652,16.7000
49.4143,28.2190,1.58815,16.7000
49.4059,28.6842,1.58974,16.7000
49.3967,29.1494,1.59130,16.7000
49.3868,29.6146,1.59282,16.7000
49.3762,30.0797,1.59433,16.7000
49.3649,30.5449,1.59581,16.7000
49.3529,31.0100,1.59728,16.7000
49.3402,31.4751,1.59874,16.7000
49.3269,31.9402,1.60019,16.7000
49.3129,32.4053,1.60164,16.7000
49.2982,32.8703,1.60308,16.7000
49.2829,33.3354,1.60451,16.7000
49.2668,33.8004,1.60595,16.7000
49.2502,34.2653,1.60737,16.7000
49.2328,34.7303,1.60880,16.7000
49.2148,35.1952,1.61023,16.7000
49.1961,35.6601,1.61165,16.7000
49.1768,36.1250,1.61307,16.7000
49.1568,36.5899,1.61450,16.7000
49.1361,37.0547,1.61592,16.7000
49.1148,37.5195,1.61734,16.7000
49.0928,37.9843,1.61876,16.7000
49.0702,38.4490,1.62018,16.7000
49.0469,38.9137,1.62159,16.7000
49.0230,39.3784,1.62301,16.7000
48.9983,39.8430,1.62443,16.7000
48.9731,40.3076,1.62585,16.7000
48.9471,40.7721,1.62727,16.7000
48.9205,41.2367,1.62868,16.7000
48.8933,41.7012,1.63010,16.7000
48.8654,42.1656,1.63152,16.7000
48.8368,42.6300,1.63294,16.7000
48.8076,43.0944,1.63435,16.7000
48.7777,43.5587,1.63577,16.7000
48.7472,44.0230,1.63719,16.7000
48.7160,44.4872,1.63862,16.7000
48.6841,44.9514,1.64004,16.7000
48.6516,45.4155,1.64147,16.7000
48.6184,45.8796,1.64290,16.7000
48.5846,46.3437,1.64433,16.7000
48.5500,46.8077,1.64577,16.7000
48.5149,47.2716,1.64722,16.7000
48.4790,47.7355,1.64867,16.7000
48.4425,48.1994,1.65014,16.7000
48.4052,48.6632,1.65161,16.7000
48.3673,49.1269,1.65311,16.7000
48.3287,49.5906,1.65462,16.7000
48.2894,50.0542,1.65616,16.7000
48.2494,50.5178,1.65772,16.7000
48.2086,50.9813,1.65931,16.7000
48.1671,51.4447,1.66094,16.7000
48.1249,51.9080,1.66260,16.7000
48.0818,52.3713,1.66431,16.7000
48.0380,52.8345,1.66606,16.7000
47.9933,53.2977,1.66785,16.7000
47.9478,53.7607,1.66967,16.7000
47.9015,54.2237,1.67155,16.7000
47.8542,54.6865,1.67357,16.7000
47.8060,55.1493,1.67575,16.7000
47.7567,55.6119,1.67807,16.7000
47.7064,56.0744,1.68053,16.7000
47.6548,56.5368,1.68313,16.7000
47.6021,56.9990,1.68588,16.7000
47.5480,57.4611,1.68879,16.7000
47.4925,57.9229,1.69185,16.7000
47.4356,58.3846,1.69507,16.7000
47.3772,58.8461,1.69846,16.7000
47.3172,59.3074,1.70201,16.7000
47.2555,59.7684,1.70575,16.7000
47.1921,60.2292,1.70966,16.7000
47.1268,60.6896,1.71375,16.7000
47.0595,61.1498,1.71804,16.7000
46.9903,61.6097,1.72252,16.7000
46.9190,62.0692,1.72721,16.7000
46.8454,62.5284,1.73211,16.7000
46.7696,62.9871,1.73724,16.7000
46.6913,63.4455,1.74260,16.7000
46.6106,63.9033,1.74821,16.7000
46.5272,64.3607,1.75409,16.7000
46.4411,64.8175,1.76026,16.5778
46.3521,65.2737,1.76674,16.3803
46.2601,65.7293,1.77356,16.1804
46.1650,66.1843,1.78075,15.9781
46.0664,66.6384,1.78833,15.7732
45.9644,67.0918,1.79634,15.5656
45.8586,67.5442,1.80482,15.3552
45.7489,67.9956,1.81378,15.1420
45.6351,68.4460,1.82320,14.9257
45.5169,68.8952,1.83303,14.7062
45.3943,69.3431,1.84328,14.4835
45.2670,69.7895,1.85432,14.2574
45.1346,70.2342,1.86659,14.0278
44.9966,70.6767,1.88011,13.7945
44.8525,71.1169,1.89483,13.5574
44.7019,71.5544,1.91074,13.3164
44.5442,71.9887,1.92786,13.0712
44.3790,72.4197,1.94622,12.8217
44.2060,72.8468,1.96587,12.5676
44.0247,73.2695,1.98682,12.3087
43.8346,73.6875,2.00912,12.0448
43.6353,74.1001,2.03280,11.7755
43.4266,74.5069,2.05787,11.5004
43.2079,74.9072,2.08434,11.2194
42.9790,75.3004,2.11224,10.9318
42.7395,75.6860,2.14157,10.6372
42.4892,76.0632,2.17234,10.3794
42.2278,76.4314,2.20452,10.1565
41.9552,76.7900,2.23792,9.9844
41.6711,77.1383,2.27223,9.8418
41.3758,77.4758,2.30745,9.6956
41.0694,77.8017,2.34370,9.5411
40.7522,78.1153,2.38106,9.3868
40.4243,78.4155,2.41951,9.2377
40.0863,78.7017,2.45906,9.0962
39.7386,78.9729,2.49964,8.9633
39.3817,79.2284,2.54120,8.8392
39.0163,79.4675,2.58369,8.7239
38.6431,79.6893,2.62703,8.6156
38.2628,79.8935,2.67118,8.5104
37.8761,80.0794,2.71616,8.3997
37.4836,80.2465,2.76214,8.2699
37.0858,80.3945,2.80950,8.1196
36.6827,80.5228,2.85856,8.0439
36.2730,80.6309,2.90766,8.1442
35.8555,80.7199,2.95475,8.3568
35.4306,80.7902,2.99976,8.5710
34.9991,80.8422,3.04310,8.7647
34.5619,80.8760,3.08501,8.9458
34.1202,80.8919,3.12563,9.1190
33.6750,80.8902,-3.11815,9.2851
33.2275,80.8710,-3.07986,9.4420
32.7787,80.8348,-3.04259,9.5863
32.3297,80.7818,-3.00621,9.7153
31.8812,80.7125,-2.97060,9.8300
31.4342,80.6272,-2.93566,9.9390
30.9893,80.5262,-2.90140,10.0632
30.5471,80.4099,-2.86801,10.2342
30.1082,80.2790,-2.83586,10.3754
29.6734,80.1342,-2.80417,10.1815
29.2446,79.9760,-2.77070,9.8623
28.8237,79.8037,-2.73449,9.5340
28.4121,79.6170,-2.69589,9.2219
28.0115,79.4157,-2.65508,8.9387
27.6235,79.1999,-2.61211,8.6645
27.2499,78.9700,-2.56690,8.3901
26.8926,78.7265,-2.51930,8.1109
26.5531,78.4701,-2.46910,7.8244
26.2330,78.2013,-2.41597,7.5332
25.9333,77.9204,-2.35955,7.3150
25.6538,77.6260,-2.30147,7.2835
25.3921,77.3164,-2.24483,7.4016
25.1468,76.9914,-2.19022,7.5229
24.9182,76.6517,-2.13659,7.5961
24.7066,76.2982,-2.08343,7.6448
24.5129,75.9317,-2.03051,7.6824
24.3378,75.5532,-1.97774,7.7137
24.1820,75.1638,-1.92507,7.7362
24.0462,74.7649,-1.87238,7.7533
23.9311,74.3575,-1.81967,7.7927
23.8372,73.9424,-1.76751,7.8737
23.7643,73.5205,-1.71637,7.9749
23.7127,73.0931,-1.66624,8.0746
23.6821,72.6616,-1.61708,8.1711
23.6726,72.2273,-1.56885,8.2650
23.6838,71.7915,-1.52151,8.3568
23.7156,71.3552,-1.47504,8.4462
23.7675,70.9198,-1.42941,8.5328
23.8393,70.4863,-1.38460,8.6161
23.9303,70.0558,-1.34056,8.6958
24.0402,69.6291,-1.29724,8.7713
24.1684,69.2073,-1.25462,8.8416
24.3143,68.7911,-1.21263,8.9041
24.4775,68.3814,-1.17118,8.9529
24.6573,67.9790,-1.13012,8.9772
24.8533,67.5846,-1.08916,8.9720
25.0652,67.1987,-1.04806,8.9834
25.2928,66.8218,-1.00733,9.0699
25.5359,66.4536,-0.96769,9.2151
25.7939,66.0942,-0.92928,9.3785
26.0661,65.7438,-0.89212,9.5545
26.3519,65.4023,-0.85624,9.7474
26.6507,65.0699,-0.82169,9.9614
26.9617,64.7466,-0.78855,10.1998
27.2842,64.4323,-0.75688,10.4655
27.6176,64.1271,-0.72675,10.7799
27.9610,63.8306,-0.69823,11.2736
28.3137,63.5429,-0.67134,11.7481
28.6748,63.2635,-0.64614,12.2056
29.0438,62.9923,-0.62265,12.6478
29.4198,62.7287,-0.60086,13.0762
29.8021,62.4725,-0.58075,13.4920
30.1902,62.2231,-0.56236,13.8962
30.5834,61.9801,-0.54586,14.2898
30.9811,61.7427,-0.53144,14.6736
31.3826,61.5103,-0.51906,15.0482
31.7873,61.2821,-0.50869,15.3972
32.1946,61.0575,-0.50033,15.1843
32.6038,60.8357,-0.49397,14.9682
33.0146,60.6159,-0.48961,14.7487
33.4262,60.3975,-0.48727,14.5258
33.8383,60.1795,-0.48695,14.2995
34.2501,59.9612,-0.48867,14.0694
34.6613,59.7419,-0.49243,13.8356
35.0712,59.5207,-0.49826,13.5979
35.4793,59.2969,-0.50617,13.3562
35.8850,59.0696,-0.51615,13.1102
36.2876,58.8382,-0.52824,12.8599
36.6865,58.6019,-0.54242,12.6050
37.0810,58.3600,-0.55871,12.3453
37.4703,58.1119,-0.57710,12.0807
37.8537,57.8569,-0.59758,11.8109
38.2304,57.5946,-0.62013,11.5356
38.5994,57.3244,-0.64474,11.2547
38.9600,57.0460,-0.67135,10.9677
39.3112,56.7589,-0.69992,10.6742
39.6522,56.4630,-0.73040,10.3739
39.9821,56.1580,-0.76270,10.0664
40.3002,55.8438,-0.79675,9.7943
40.6055,55.5203,-0.83244,9.5524
40.8975,55.1875,-0.86971,9.3347
41.1754,54.8452,-0.90850,9.1346
41.4387,54.4934,-0.94883,8.9626
41.6867,54.1320,-0.99045,8.8740
41.9192,53.7606,-1.03232,8.8849
42.1364,53.3792,-1.07379,8.9141
42.3379,52.9886,-1.11523,8.9035
42.5233,52.5895,-1.15701,8.8616
42.6918,52.1827,-1.19932,8.8023
42.8430,51.7689,-1.24229,8.7326
42.9760,51.3490,-1.28598,8.6555
43.0904,50.9238,-1.33047,8.5715
43.1854,50.4944,-1.37582,8.4809
43.2606,50.0619,-1.42212,8.3834
43.3153,49.6272,-1.46943,8.2790
43.3491,49.1917,-1.51786,8.1681
43.3615,48.7567,-1.56747,8.0510
43.3520,48.3235,-1.61836,7.9284
43.3204,47.8936,-1.67061,7.8009
43.2664,47.4687,-1.72429,7.6693
43.1899,47.0503,-1.77947,7.5346
43.0910,46.6403,-1.83621,7.3975
42.9697,46.2404,-1.89457,7.2589
42.8265,45.8522,-1.95460,7.1198
42.6617,45.4776,-2.01636,6.9850
42.4758,45.1179,-2.07979,6.8646
42.2692,44.7743,-2.14463,6.7610
42.0427,44.4478,-2.21078,6.6640
41.7967,44.1396,-2.27836,6.5684
41.5319,43.8507,-2.34749,6.4986
41.2483,43.5815,-2.41743,6.5024
40.9456,43.3321,-2.48646,6.5667
40.6251,43.1027,-2.55423,6.6163
40.2892,42.8951,-2.62165,6.6265
39.9407,42.7109,-2.68902,6.6168
39.5825,42.5515,-2.75636,6.5918
39.2178,42.4178,-2.82377,6.5330
38.8501,42.3105,-2.89196,6.4218
38.4827,42.2304,-2.96184,6.2719
38.1182,42.1775,-3.03392,6.1087
37.7584,42.1521,-3.10840,5.9501
37.4038,42.1538,3.09770,5.8906
37.0500,42.1832,3.02137,6.0231
36.6916,42.2398,2.94928,6.2624
36.3283,42.3237,2.88065,6.4814
35.9616,42.4348,2.81426,6.6679
35.5939,42.5731,2.74972,6.8440
35.2278,42.7380,2.68706,7.0222
34.8661,42.9287,2.62644,7.2069
34.5109,43.1439,2.56802,7.3990
34.1643,43.3821,2.51191,7.5972
33.8278,43.6416,2.45814,7.7956
33.5027,43.9209,2.40656,7.9790
33.1899,44.2183,2.35679,8.1275
32.8902,44.5326,2.30824,8.2922
32.6037,44.8636,2.26166,8.5813
32.3297,45.2106,2.21861,9.0124
32.0674,45.5722,2.17958,9.5361
31.8163,45.9470,2.14456,10.0879
31.5756,46.3333,2.11351,10.6155
31.3444,46.7294,2.08639,11.1219
31.1219,47.1339,2.06315,11.6092
30.9069,47.5450,2.04372,12.0793
30.6984,47.9616,2.02803,12.5335
30.4951,48.3820,2.01597,12.9730
30.2959,48.8051,2.00742,13.3986
30.0995,49.2297,2.00229,13.8112
29.9048,49.6546,2.00050,14.2115
29.7104,50.0789,2.00205,14.6002
29.5151,50.5014,2.00711,14.9779
29.3176,50.9213,2.01597,15.3452
29.1161,51.3377,2.02795,15.7028
28.9097,51.7505,2.04101,16.0516
28.6981,52.1601,2.05412,16.3926
28.4814,52.5665,2.06754,16.7000
28.2592,52.9698,2.08144,16.7000
28.0313,53.3699,2.09583,16.7000
27.7976,53.7667,2.11064,16.7000
27.5579,54.1600,2.12575,16.7000
27.3121,54.5498,2.14103,16.7000
27.0603,54.9360,2.15638,16.7000
26.8024,55.3185,2.17167,16.7000
26.5385,55.6972,2.18683,16.7000
26.2688,56.0721,2.20176,16.7000
25.9935,56.4432,2.21640,16.7000
25.7126,56.8105,2.23069,16.7000
25.4264,57.1740,2.24455,16.7000
25.1352,57.5338,2.25793,16.7000
24.8391,57.8898,2.27089,16.7000
24.5384,58.2421,2.28347,16.7000
24.2333,58.5908,2.29568,16.7000
23.9239,58.9359,2.30747,16.7000
23.6104,59.2776,2.31882,16.7000
23.2931,59.6158,2.32972,16.7000
22.9720,59.9507,2.34017,16.7000
22.6475,60.2823,2.35017,16.7000
22.3197,60.6109,2.35973,16.7000
21.9888,60.9365,2.36884,16.7000
21.6549,61.2591,2.37751,16.7000
21.3182,61.5790,2.38575,16.7000
20.9789,61.8963,2.39357,16.7000
20.6371,62.2110,2.40096,16.7000
20.2930,62.5234,2.40794,16.7000
19.9467,62.8334,2.41450,16.7000
19.5985,63.1413,2.42066,16.7000
19.2483,63.4471,2.42643,16.7000
18.8964,63.7510,2.43180,16.7000
18.5429,64.0531,2.43680,16.7000
18.1880,64.3536,2.44141,16.7000
17.8316,64.6525,2.44566,16.7000
17.4740,64.9500,2.44955,16.7000
17.1153,65.2461,2.45310,16.7000
16.7556,65.5411,2.45630,16.7000
16.3949,65.8350,2.45919,16.7000
16.0335,66.1280,2.46175,16.7000
15.6713,66.4200,2.46402,16.7000
15.3084,66.7113,2.46599,16.7000
14.9451,67.0020,2.46767,16.7000
14.5813,67.2921,2.46904,16.7000
14.2171,67.5818,2.47008,16.7000
13.8527,67.8711,2.47089,16.7000
13.4881,68.1602,2.47162,16.7000
13.1232,68.4490,2.47232,16.7000
12.7582,68.7376,2.47298,16.7000
12.3930,69.0259,2.47358,16.7000
12.0276,69.3140,2.47414,16.7000
11.6621,69.6019,2.47464,16.7000
11.2964,69.8897,2.47512,16.7000
10.9306,70.1773,2.47557,16.7000
10.5647,70.4647,2.47601,16.7000
10.1986,70.7519,2.47644,16.7000
9.8325,71.0390,2.47688,16.7000
9.4661,71.3260,2.47733,16.7000
9.0997,71.6127,2.47780,16.7000
8.7331,71.8993,2.47829,16.7000
8.3664,72.1857,2.47881,16.7000
7.9996,72.4720,2.47936,16.7000
7.6325,72.7580,2.47995,16.7000
7.2653,73.0437,2.48057,16.7000
6.8979,73.3293,2.48123,16.7000
6.5303,73.6146,2.48194,16.7000
6.1626,73.8996,2.48268,16.7000
5.7946,74.1843,2.48347,16.7000
5.4263,74.4688,2.48430,16.7000
5.0578,74.7529,2.48517,16.7000
4.6891,75.0367,2.48609,16.7000
4.3201,75.3202,2.48705,16.7000
3.9508,75.6033,2.48806,16.7000
3.5813,75.8860,2.48911,16.7000
3.2114,76.1683,2.49020,16.7000
2.8412,76.4502,2.49135,16.7000
2.4707,76.7316,2.49253,16.7000
2.0999,77.0127,2.49376,16.7000
1.7287,77.2932,2.49503,16.7000
1.3571,77.5733,2.49635,16.7000
0.9852,77.8528,2.49772,16.7000
0.6129,78.1319,2.49913,16.7000
0.2402,78.4104,2.50058,16.7000
-0.1329,78.6884,2.50208,16.7000
-0.5065,78.9658,2.50362,16.7000
-0.8805,79.2426,2.50521,16.7000
-1.2549,79.5188,2.50685,16.7000
-1.6298,79.7944,2.50853,16.7000
-2.0051,80.0693,2.51026,16.7000
-2.3809,80.3436,2.51205,16.7000
-2.7572,80.6172,2.51389,16.7000
-3.1341,80.8901,2.51580,16.7000
-3.5114,81.1622,2.51777,16.7000
-3.8893,81.4336,2.51982,16.6432
-4.2678,81.7042,2.52196,16.4464
-4.6469,81.9740,2.52420,16.2471
-5.0265,82.2429,2.52656,16.0454
-5.4068,82.5109,2.52907,15.8412
-5.7879,82.7779,2.53175,15.6342
-6.1696,83.0438,2.53463,15.4245
-6.5521,83.3086,2.53776,15.2119
-6.9355,83.5721,2.54119,14.9963
-7.3199,83.8343,2.54496,14.7775
-7.7052,84.0949,2.54915,14.5555
-8.0917,84.3538,2.55382,14.3300
-8.4795,84.6109,2.55906,14.1009
-8.8687,84.8657,2.56495,13.8681
-9.2595,85.1182,2.57159,13.6312
-9.6521,85.3678,2.57904,13.3902
-10.0466,85.6144,2.58735,13.1447
-10.4434,85.8576,2.59646,12.8945
-10.8425,86.0971,2.60624,12.6393
-11.2440,86.3325,2.61683,12.3789
-11.6479,86.5633,2.62934,12.1129
-12.0545,86.7882,2.64463,11.8414
-12.4641,87.0060,2.66262,11.5639
-12.8768,87.2153,2.68318,11.2803
-13.2927,87.4149,2.70628,10.9903
-13.7117,87.6036,2.73196,10.6936
-14.1336,87.7800,2.76025,10.3900
-14.5579,87.9429,2.79118,10.0791
-14.9843,88.0909,2.82476,9.7606
-15.4121,88.2229,2.86096,9.4340
-15.8407,88.3378,2.89973,9.0989
-16.2692,88.4344,2.94096,8.7948
-16.6972,88.5119,2.98451,8.5283
-17.1239,88.5697,3.03022,8.2978
-17.5488,88.6072,3.07789,8.1073
-17.9718,88.6238,3.12721,8.0050
-18.3933,88.6193,-3.10640,8.0305
-18.8139,88.5942,-3.05794,8.1131
-19.2330,88.5489,-3.01036,8.1592
-19.6491,88.4840,-2.96300,8.1580
-20.0609,88.3995,-2.91551,8.1214
-20.4671,88.2958,-2.86751,8.0382
-20.8665,88.1730,-2.81834,7.8771
-21.2577,88.0309,-2.76669,7.7019
-21.6409,87.8682,-2.71307,7.6939
-22.0182,87.6835,-2.66071,7.9031
-22.3909,87.4769,-2.61144,8.2092
-22.7587,87.2495,-2.56515,8.5330
-23.1211,87.0023,-2.52171,8.8812
-23.4772,86.7367,-2.48119,9.2766
-23.8265,86.4543,-2.44384,9.7613
-24.1687,86.1569,-2.41014,10.2995
-24.5033,85.8468,-2.37953,10.6570
-24.8295,85.5262,-2.34981,10.7328
-25.1461,85.1958,-2.31992,10.7464
-25.4528,84.8560,-2.29028,10.8596
-25.7494,84.5072,-2.26120,11.0333
-26.0360,84.1500,-2.23279,11.2227
-26.3123,83.7849,-2.20500,11.3984
-26.5786,83.4123,-2.17774,11.5441
-26.8346,83.0328,-2.15089,11.6522
-27.0803,82.6466,-2.12431,11.7199
-27.3157,82.2543,-2.09788,11.7472
-27.5405,81.8560,-2.07149,11.7361
-27.7545,81.4523,-2.04502,11.6901
-27.9577,81.0432,-2.01839,11.6134
-28.1497,80.6292,-1.99149,11.5108
-28.3302,80.2105,-1.96427,11.3873
-28.4991,79.7875,-1.93664,11.2477
-28.6559,79.3604,-1.90856,11.0964
-28.8004,78.9295,-1.87998,10.9376
-28.9323,78.4951,-1.85086,10.7747
-29.0512,78.0577,-1.82118,10.6473
-29.1568,77.6175,-1.79092,10.5368
-29.2487,77.1748,-1.76006,10.4277
-29.3267,76.7302,-1.72860,10.3211
-29.3905,76.2840,-1.69654,10.2179
-29.4397,75.8365,-1.66388,10.1186
-29.4741,75.3884,-1.63064,10.0236
-29.4934,74.9400,-1.59682,9.9328
-29.4974,74.4917,-1.56244,9.8453
-29.4859,74.0441,-1.52749,9.7599
-29.4587,73.5977,-1.49197,9.6753
-29.4155,73.1530,-1.45586,9.6048
-29.3563,72.7104,-1.41933,9.5703
-29.2808,72.2703,-1.38272,9.5613
-29.1893,71.8332,-1.34606,9.5449
-29.0818,71.3998,-1.30920,9.5109
-28.9584,70.9709,-1.27203,9.4663
-28.8192,70.5470,-1.23450,9.4158
-28.6642,70.1291,-1.19658,9.3620
-28.4935,69.7178,-1.15825,9.3065
-28.3074,69.3139,-1.11950,9.2500
-28.1059,68.9181,-1.08033,9.1933
-27.8895,68.5313,-1.04075,9.1368
-27.6583,68.1541,-1.00076,9.0812
-27.4126,67.7874,-0.96037,9.0263
-27.1530,67.4318,-0.91959,8.9706
-26.8797,67.0881,-0.87840,8.9104
-26.5932,66.7569,-0.83673,8.8383
-26.2938,66.4388,-0.79441,8.7459
-25.9820,66.1345,-0.75118,8.6703
-25.6575,65.8445,-0.70751,8.6855
-25.3201,65.5685,-0.66457,8.7892
-24.9705,65.3063,-0.62276,8.9119
-24.6092,65.0580,-0.58189,9.0249
-24.2369,64.8237,-0.54188,9.1359
-23.8543,64.6036,-0.50270,9.2514
-23.4622,64.3978,-0.46439,9.3752
-23.0613,64.2063,-0.42700,9.5095
-22.6523,64.0293,-0.39058,9.6553
-22.2361,63.8666,-0.35519,9.8135
-21.8133,63.7181,-0.32087,9.9847
-21.3846,63.5836,-0.28767,10.1693
-20.9507,63.4628,-0.25562,10.3662
-20.5123,63.3556,-0.22473,10.5716
-20.0699,63.2615,-0.19498,10.8013
-19.6240,63.1802,-0.16624,11.0835
-19.1752,63.1114,-0.13836,11.3939
-18.7236,63.0548,-0.11157,11.8636
-18.2693,63.0099,-0.08654,12.3167
-17.8127,62.9758,-0.06358,12.7550
-17.3540,62.9516,-0.04264,13.1801
-16.8936,62.9366,-0.02368,13.5930
-16.4318,62.9298,-0.00668,13.9948
-15.9689,62.9304,0.00835,14.3862
-15.5052,62.9375,0.02142,14.7680
-15.0408,62.9503,0.03253,15.1408
-14.5760,62.9678,0.04171,15.5051
-14.1109,62.9891,0.04896,15.8613
-13.6456,63.0133,0.05434,16.2099
-13.1804,63.0397,0.05785,16.5513
-12.7152,63.0672,0.05953,16.7000
-12.2502,63.0951,0.05936,16.7000
-11.7854,63.1225,0.05727,16.7000
-11.3209,63.1484,0.05316,16.7000
-10.8566,63.1719,0.04746,16.7000
-10.3924,63.1925,0.04097,16.7000
-9.9284,63.2100,0.03391,16.7000
-9.4645,63.2240,0.02618,16.7000
-9.0007,63.2342,0.01773,16.7000
-8.5370,63.2404,0.00858,16.7000
-8.0735,63.2422,-0.00122,16.7000
-7.6101,63.2393,-0.01162,16.7000
-7.1469,63.2314,-0.02255,16.7000
-6.6840,63.2184,-0.03394,16.7000
-6.2214,63.2000,-0.04575,16.7000
-5.7591,63.1761,-0.05791,16.7000
-5.2973,63.1464,-0.07040,16.7000
-4.8360,63.1110,-0.08319,16.7000
-4.3754,63.0696,-0.09630,16.7000
-3.9153,63.0220,-0.10968,16.7000
-3.4559,62.9683,-0.12306,16.7000
-2.9972,62.9085,-0.13622,16.7000
-2.5392,62.8427,-0.14916,16.7000
-2.0820,62.7709,-0.16190,16.7000
-1.6257,62.6934,-0.17443,16.7000
-1.1702,62.6103,-0.18675,16.7000
-0.7156,62.5215,-0.19882,16.7000
-0.2620,62.4273,-0.21063,16.7000
0.1906,62.3277,-0.22215,16.7000
0.6421,62.2231,-0.23338,16.7000
1.0926,62.1133,-0.24429,16.7000
1.5419,61.9987,-0.25488,16.7000
1.9902,61.8795,-0.26515,16.7000
2.4374,61.7556,-0.27507,16.7000
2.8834,61.6274,-0.28467,16.7000
3.3283,61.4949,-0.29393,16.7000
3.7720,61.3584,-0.30286,16.7000
4.2146,61.2180,-0.31149,16.7000
4.6561,61.0737,-0.31981,16.7000
5.0965,60.9259,-0.32785,16.7000
5.5357,60.7746,-0.33563,16.7000
5.9739,60.6198,-0.34318,16.6402
6.4109,60.4618,-0.35053,16.4435
6.8468,60.3007,-0.35773,16.2445
7.2816,60.1364,-0.36481,16.0429
7.7153,59.9690,-0.37183,15.8388
8.1479,59.7986,-0.37884,15.6320
8.5792,59.6251,-0.38590,15.4224
9.0094,59.4486,-0.39307,15.2099
9.4382,59.2689,-0.40038,14.9944
9.8658,59.0861,-0.40783,14.7757
10.2920,58.9000,-0.41536,14.5537
10.7169,58.7107,-0.42291,14.3282
11.1402,58.5183,-0.43103,14.0992
11.5618,58.3222,-0.44048,13.8665
11.9810,58.1219,-0.45145,13.6299
12.3977,57.9169,-0.46387,13.3893
12.8112,57.7066,-0.47771,13.1445
13.2212,57.4906,-0.49302,12.8953
13.6272,57.2682,-0.50987,12.6415
14.0287,57.0391,-0.52834,12.3829
14.4249,56.8026,-0.54850,12.1193
14.8153,56.5583,-0.57042,11.8503
15.1993,56.3058,-0.59415,11.5757
15.5759,56.0445,-0.61971,11.2950
15.9446,55.7740,-0.64706,11.0080
16.3044,55.4941,-0.67608,10.7142
16.6547,55.2044,-0.70655,10.4206
16.9945,54.9050,-0.73852,10.1119
17.3227,54.5962,-0.77251,9.7949
17.6379,54.2781,-0.80874,9.4695
17.9387,53.9508,-0.84715,9.1698
18.2240,53.6147,-0.88772,8.8823
18.4925,53.2703,-0.93057,8.5913
18.7428,52.9183,-0.97599,8.2843
18.9737,52.5590,-1.02445,8.0140
19.1843,52.1922,-1.07527,7.8904
19.3750,51.8166,-1.12617,7.9112
19.5465,51.4320,-1.17621,7.9583
19.6987,51.0391,-1.22593,7.9769
19.8315,50.6387,-1.27561,7.9822
19.9444,50.2313,-1.32536,7.9853
20.0370,49.8180,-1.37516,7.9917
20.1092,49.3997,-1.42496,8.0033
20.1605,48.9773,-1.47470,8.0196
20.1909,48.5519,-1.52433,8.0381
20.2002,48.1246,-1.57383,8.0546
20.1883,47.6965,-1.62325,8.0624
20.1552,47.2687,-1.67275,8.0699
20.1009,46.8422,-1.72220,8.1139
20.0253,46.4173,-1.77091,8.2069
19.9290,45.9948,-1.81851,8.3132
19.8125,45.5757,-1.86516,8.4084
19.6762,45.1610,-1.91097,8.4944
19.5208,44.7517,-1.95605,8.5744
19.3468,44.3487,-2.00043,8.6501
19.1548,43.9529,-2.04415,8.7223
18.9455,43.5651,-2.08724,8.7911
18.7194,43.1862,-2.12974,8.8564
18.4774,42.8167,-2.17167,8.9177
18.2200,42.4575,-2.21307,8.9739
17.9481,42.1092,-2.25399,9.0218
17.6622,41.7722,-2.29452,9.0550
17.3631,41.4472,-2.33482,9.0625
17.0514,41.1347,-2.37516,9.0510
16.7275,40.8353,-2.41561,9.0704
16.3916,40.5490,-2.45561,9.1547
16.0441,40.2758,-2.49467,9.2764
15.6855,40.0157,-2.53275,9.4094
15.3165,39.7685,-2.56983,9.5539
14.9376,39.5344,-2.60585,9.7130
14.5494,39.3131,-2.64076,9.8890
14.1525,39.1047,-2.67450,10.0832
13.7476,38.9088,-2.70701,10.2965
13.3354,38.7254,-2.73825,10.5297
12.9163,38.5541,-2.76816,10.8130
12.4912,38.3946,-2.79673,11.2277
12.0606,38.2467,-2.82393,11.6847
11.6250,38.1098,-2.84976,12.1445
11.1851,37.9837,-2.87420,12.5886
10.7414,37.8677,-2.89727,13.0185
10.2942,37.7616,-2.91898,13.4354
9.8442,37.6646,-2.93936,13.8405
9.3916,37.5765,-2.95841,14.2346
8.9368,37.4966,-2.97619,14.6187
8.4802,37.4243,-2.99272,14.9934
8.0219,37.3593,-3.00804,15.3594
7.5624,37.3010,-3.02220,15.7171
7.1017,37.2489,-3.03524,16.0672
6.6400,37.2026,-3.04721,16.4101
6.1776,37.1615,-3.05815,16.7000
5.7145,37.1252,-3.06811,16.7000
5.2510,37.0932,-3.07710,16.7000
4.7870,37.0653,-3.08511,16.7000
4.3226,37.0408,-3.09213,16.7000
3.8581,37.0193,-3.09827,16.7000
3.3933,37.0005,-3.10390,16.7000
2.9285,36.9842,-3.10920,16.7000
2.4635,36.9703,-3.11413,16.7000
1.9985,36.9587,-3.11868,16.7000
1.5334,36.9490,-3.12284,16.7000
1.0683,36.9412,-3.12663,16.7000
0.6031,36.9351,-3.13009,16.7000
0.1379,36.9305,-3.13324,16.7000
-0.3273,36.9273,-3.13609,16.7000
-0.7926,36.9254,-3.13868,16.7000
-1.2578,36.9246,-3.14101,16.7000
-1.7231,36.9249,3.14007,16.7000
-2.1884,36.9260,3.13819,16.7000
-2.6537,36.9280,3.13652,16.7000
-3.1189,36.9308,3.13505,16.7000
-3.5842,36.9341,3.13377,16.7000
-4.0495,36.9380,3.13268,16.7000
-4.5148,36.9424,3.13176,16.7000
-4.9801,36.9472,3.13103,16.7000
-5.4454,36.9522,3.13046,16.7000
-5.9107,36.9575,3.13005,16.7000
-6.3759,36.9630,3.12981,16.7000
-6.8412,36.9685,3.12972,16.7000
-7.3065,36.9740,3.12979,16.7000
-7.7718,36.9795,3.13001,16.7000
-8.2371,36.9848,3.13038,16.7000
-8.7023,36.9899,3.13088,16.7000
-9.1676,36.9948,3.13153,16.7000
-9.6329,36.9993,3.13231,16.7000
-10.0982,37.0034,3.13322,16.7000
-10.5635,37.0071,3.13427,16.7000
-11.0287,37.0102,3.13546,16.7000
-11.4940,37.0128,3.13682,16.7000
-11.9593,37.0147,3.13835,16.7000
-12.4246,37.0158,3.13998,16.7000
-12.8898,37.0162,-3.14151,16.7000
-13.3551,37.0157,-3.13974,16.6142
-13.8204,37.0145,-3.13785,16.4170
-14.2857,37.0123,-3.13581,16.2174
-14.7509,37.0091,-3.13358,16.0153
-15.2162,37.0048,-3.13112,15.8106
-15.6814,36.9993,-3.12840,15.6033
-16.1466,36.9925,-3.12535,15.3931
-16.6118,36.9842,-3.12192,15.1801
-17.0770,36.9742,-3.11805,14.9640
-17.5422,36.9623,-3.11367,14.7447
-18.0073,36.9482,-3.10872,14.5221
-18.4723,36.9317,-3.10317,14.2960
-18.9373,36.9125,-3.09706,14.0663
-19.4022,36.8903,-3.09051,13.8327
-19.8671,36.8649,-3.08346,13.5951
-20.3316,36.8362,-3.07508,13.3533
-20.7956,36.8031,-3.06459,13.1072
-21.2588,36.7647,-3.05202,12.8566
-21.7208,36.7200,-3.03749,12.6013
-22.1814,36.6683,-3.02105,12.3412
-22.6400,36.6087,-3.00268,12.0760
-23.0962,36.5404,-2.98237,11.8056
-23.5494,36.4626,-2.96009,11.5298
-23.9989,36.3747,-2.93583,11.2482
-24.4442,36.2759,-2.90960,10.9607
-24.8843,36.1655,-2.88141,10.6670
-25.3186,36.0431,-2.85129,10.3666
-25.7464,35.9080,-2.81923,10.0592
-26.1668,35.7598,-2.78518,9.7440
-26.5793,35.5979,-2.74901,9.4319
-26.9832,35.4217,-2.71067,9.2242
-27.3787,35.2304,-2.67143,9.1975
-27.7664,35.0237,-2.63276,9.2689
-28.1464,34.8021,-2.59467,9.3252
-28.5183,34.5659,-2.55682,9.3523
-28.8816,34.3154,-2.51905,9.3689
-29.2359,34.0509,-2.48133,9.3860
-29.5805,33.7727,-2.44371,9.4089
-29.9150,33.4813,-2.40623,9.4394
-30.2389,33.1772,-2.36896,9.4778
-30.5516,32.8607,-2.33197,9.5237
-30.8530,32.5326,-2.29533,9.5764
-31.1424,32.1933,-2.25906,9.6350
-31.4197,31.8434,-2.22322,9.6972
-31.6846,31.4837,-2.18782,9.7587
-31.9368,31.1145,-2.15283,9.8112
-32.1762,30.7366,-2.11813,9.8427
-32.4025,30.3505,-2.08354,9.8747
-32.6155,29.9563,-2.04924,9.9739
-32.8154,29.5543,-2.01591,10.1594
-33.0026,29.1449,-1.98391,10.3797
-33.1773,28.7287,-1.95315,10.6034
-33.3398,28.3063,-1.92360,10.8883
-33.4904,27.8782,-1.89523,11.2538
-33.6295,27.4450,-1.86804,11.6481
-33.7573,27.0071,-1.84203,12.0750
-33.8741,26.5651,-1.81719,12.5211
-33.9805,26.1195,-1.79354,12.9528
-34.0767,25.6707,-1.77103,13.3712
-34.1632,25.2191,-1.74967,13.7777
-34.2405,24.7651,-1.72941,14.1732
-34.3088,24.3090,-1.71025,14.5584
-34.3688,23.8511,-1.69218,14.9342
-34.4207,23.3918,-1.67522,15.3011
-34.4652,22.9312,-1.65943,15.6598
-34.5027,22.4697,-1.64463,16.0107
-34.5335,22.0076,-1.63032,16.3541
-34.5578,21.5449,-1.61626,16.6906
-34.5756,21.0819,-1.60251,16.7000
-34.5872,20.6186,-1.58910,16.5219
-34.5926,20.1551,-1.57600,16.3244
-34.5920,19.6916,-1.56318,16.1244
-34.5855,19.2280,-1.55057,15.9218
-34.5732,18.7645,-1.53811,15.7167
-34.5552,18.3011,-1.52572,15.5088
-34.5314,17.8380,-1.51334,15.2980
-34.5019,17.3751,-1.50089,15.0843
-34.4666,16.9127,-1.48830,14.8675
-34.4255,16.4506,-1.47553,14.6475
-34.3784,15.9892,-1.46258,14.4241
-34.3253,15.5284,-1.44950,14.1972
-34.2661,15.0683,-1.43635,13.9666
-34.2010,14.6091,-1.42268,13.7322
-34.1293,14.1513,-1.40776,13.4939
-34.0506,13.6951,-1.39140,13.2516
-33.9642,13.2408,-1.37373,13.0050
-33.8697,12.7889,-1.35477,12.7541
-33.7664,12.3396,-1.33454,12.4985
-33.6541,11.8934,-1.31301,12.2381
-33.5321,11.4508,-1.29015,11.9727
-33.4001,11.0124,-1.26595,11.7019
-33.2577,10.5786,-1.24039,11.4255
-33.1044,10.1502,-1.21347,11.1432
-32.9399,9.7276,-1.18521,10.8546
-32.7640,9.3115,-1.15558,10.5593
-32.5763,8.9027,-1.12456,10.2925
-32.3765,8.5016,-1.09201,10.0195
-32.1643,8.1090,-1.05774,9.7870
-31.9391,7.7253,-1.02222,9.6903
-31.7006,7.3502,-0.98670,9.7239
-31.4489,6.9836,-0.95169,9.7822
-31.1844,6.6258,-0.91696,9.8169
-30.9073,6.2769,-0.88238,9.8414
-30.6181,5.9374,-0.84792,9.8668
-30.3169,5.6076,-0.81362,9.8992
-30.0043,5.2880,-0.77952,9.9412
-29.6806,4.9787,-0.74570,9.9936
-29.3462,4.6801,-0.71223,10.0563
-29.0016,4.3925,-0.67917,10.1292
-28.6474,4.1160,-0.64657,10.2117
-28.2840,3.8508,-0.61449,10.3023
-27.9120,3.5971,-0.58296,10.3974
-27.5318,3.3548,-0.55197,10.4899
-27.1440,3.1241,-0.52147,10.5677
-26.7489,2.9051,-0.49133,10.6424
-26.3470,2.6977,-0.46161,10.8090
-25.9383,2.5018,-0.43290,11.1733
-25.5233,2.3170,-0.40559,11.6306
-25.1024,2.1429,-0.37966,12.0914
-24.6762,1.9790,-0.35506,12.5364
-24.2451,1.8250,-0.33175,12.9671
-23.8097,1.6805,-0.30974,13.3849
-23.3704,1.5451,-0.28902,13.7909
-22.9277,1.4182,-0.26960,14.1860
-22.4818,1.2995,-0.25145,14.5711
-22.0333,1.1885,-0.23456,14.9468
-21.5823,1.0846,-0.21891,15.3138
-21.1294,0.9874,-0.20446,15.6726
-20.6747,0.8964,-0.19120,16.0237
-20.2185,0.8111,-0.17911,16.3676
-19.7610,0.7310,-0.16823,16.7000
-19.3025,0.6555,-0.15864,16.7000
-18.8432,0.5841,-0.15025,16.7000
-18.3832,0.5163,-0.14250,16.7000
-17.9227,0.4520,-0.13497,16.7000
-17.4617,0.3912,-0.12770,16.7000
-17.0003,0.3336,-0.12074,16.7000
-16.5386,0.2792,-0.11410,16.7000
-16.0765,0.2277,-0.10777,16.7000
-15.6140,0.1792,-0.10171,16.7000
-15.1513,0.1333,-0.09587,16.7000
-14.6883,0.0901,-0.09023,16.7000
-14.2251,0.0495,-0.08474,16.7000
-13.7617,0.0114,-0.07937,16.7000
-13.2981,-0.0242,-0.07411,16.7000
-12.8343,-0.0574,-0.06893,16.7000
-12.3704,-0.0883,-0.06381,16.7000
-11.9063,-0.1167,-0.05874,16.7000
-11.4420,-0.1429,-0.05371,16.7000
-10.9777,-0.1667,-0.04872,16.7000
-10.5132,-0.1881,-0.04376,16.7000
-10.0486,-0.2073,-0.03883,16.7000
-9.5840,-0.2242,-0.03393,16.7000
-9.1193,-0.2389,-0.02907,16.7000
-8.6545,-0.2513,-0.02424,16.7000
-8.1896,-0.2614,-0.01946,16.7000
-7.7247,-0.2694,-0.01473,16.7000
-7.2598,-0.2751,-0.01005,16.7000
-6.7948,-0.2787,-0.00542,16.7000
-6.3299,-0.2802,-0.00079,16.7000
-5.8649,-0.2795,0.00389,16.7000
-5.3999,-0.2765,0.00876,16.7000
-4.9349,-0.2713,0.01402,16.7000
-4.4699,-0.2635,0.01979,16.7000
-4.0049,-0.2529,0.02282,16.7000
